outer,inner,objective,data_residual,primal_or_step,dual,cg_residual,cg_iterations
1,1,2.95977581034898e-05,0.0531170837042313,0.0375810986817555,0.0107611452108086,7.77680581645832e-06,8
1,2,2.34483522735577e-05,0.046579974808859,0.0155486773192519,0.0067420248653561,4.77560966576835e-06,8
1,3,2.13705896220402e-05,0.044043323379089,0.0121808304926597,0.00478065926095057,6.82702486991543e-06,7
1,4,2.03424344421584e-05,0.0427149941955337,0.00705899285697681,0.00375762458493697,5.56702811306442e-06,7
1,5,1.96596469072423e-05,0.0417946089893247,0.00448076569649294,0.00318410966514875,3.48219055791023e-06,7
1,6,1.91328408629708e-05,0.0410607333011627,0.0029586863747335,0.00282241076031125,7.71554952386991e-06,6
1,7,1.86986535348796e-05,0.040438677956593,0.00222786016398049,0.00256349756427398,7.15093556505982e-06,6
1,8,1.83282644383835e-05,0.0398948860495768,0.00184354694612186,0.00235829635374433,6.5730256305271e-06,6
1,9,1.80052932904795e-05,0.0394108065593668,0.00160561415558904,0.00219305223460902,5.99857075043922e-06,6
1,10,1.77191867493888e-05,0.03897446192995,0.00144264920683933,0.0020576980802118,5.48785667701237e-06,6
1,11,1.74627649180062e-05,0.0385773415559114,0.0013198916305275,0.00194402939824974,5.04432057809089e-06,6
1,12,1.72306986363979e-05,0.0382130158461231,0.00121705799193594,0.00184664740739104,4.65506360364841e-06,6
1,13,1.70190944247398e-05,0.0378765355334256,0.00112920834829455,0.00176165121853821,4.30879659343871e-06,6
1,14,1.68249932073083e-05,0.0375640211174148,0.00105185850769058,0.00168655918956943,3.99715873771636e-06,6
1,15,1.66460932630448e-05,0.0372723411071661,0.000984575391767439,0.00161958218218215,3.71490530274508e-06,6
1,16,1.64806709076018e-05,0.0369989863454369,0.000926680057620195,0.0015591819831205,3.45907394917992e-06,6
1,17,1.63272604177771e-05,0.03674194725642,0.000879475873513628,0.00150420448307816,8.03018903510737e-06,5
1,18,1.61842500060331e-05,0.0364996180057068,0.000848781387888211,0.00145406408428196,7.56348336766263e-06,5
1,19,1.60502640109721e-05,0.0362709783857804,0.000832833355430646,0.00140822399364681,6.96811288085611e-06,5
1,20,1.59243376793421e-05,0.0360549881943028,0.000818602933724329,0.00136632991914451,6.32759826920459e-06,5
1,21,1.58057096383368e-05,0.0358508748910697,0.000820082913411266,0.00132682779253666,5.72931306564967e-06,5
1,22,1.56936339297968e-05,0.0356576360660272,0.000813046327244483,0.00129088570834743,4.96328663753068e-06,5
1,23,1.55872417928252e-05,0.0354739872240936,0.000779336064733334,0.00125884471937065,4.53659473329222e-06,5
1,24,1.5486091834719e-05,0.035299522789275,0.000771628502378993,0.00122806831300828,4.48114558648548e-06,5
1,25,1.53899525038207e-05,0.0351332907648402,0.000754572138749718,0.00119984637804881,3.51951188215812e-06,5
1,26,1.52981206646243e-05,0.0349740646171198,0.000707586803176604,0.00117411823260298,3.64588772421427e-06,5
1,27,1.52101172358466e-05,0.0348209277604464,0.000664239155225605,0.00115010932623098,3.7129654113369e-06,5
1,28,1.51256332375468e-05,0.0346732013028795,0.000624475059275239,0.00112753819050056,3.46074074813114e-06,5
1,29,1.50444327343859e-05,0.0345304202272101,0.000592304846411491,0.00110567905568308,8.01448339124295e-06,4
1,30,1.49662169762264e-05,0.0343922230270758,0.000562873045586991,0.0010852390959664,3.56417698229152e-06,5
1,31,1.48908014595003e-05,0.034258370782103,0.000526876528809937,0.00106644362039714,7.5610519112446e-06,4
1,32,1.48179621343736e-05,0.034128477827708,0.000489221809279649,0.00104888640495231,3.16383395206439e-06,5
1,33,1.47475217163515e-05,0.0340022774622694,0.00045684797522517,0.00103125720939414,7.10011945488425e-06,4
1,34,1.4679322905069e-05,0.0338795372818211,0.000432414058913142,0.00101461673691667,7.7506117579493e-06,4
1,35,1.46132610391607e-05,0.0337600923049031,0.000410183897565688,0.000998729112765874,7.50260861253619e-06,4
1,36,1.4549241773463e-05,0.0336438295831396,0.000393893140875624,0.0009832673636096,7.18626995673849e-06,4
1,37,1.44871843266213e-05,0.0335306462693685,0.000374420473500064,0.000968675374183348,6.86663970805508e-06,4
1,38,1.44270220752666e-05,0.0334203842526163,0.000353083439758683,0.000954592122496483,6.57727295841821e-06,4
1,39,1.43686080405073e-05,0.0333128776972257,0.000336616186301066,0.000940854609099574,6.33313852392363e-06,4
1,40,1.43117773486754e-05,0.0332079815333337,0.000320308327868128,0.000927769850720446,6.10817549560068e-06,4
1,41,1.42565013179064e-05,0.033105571908017,0.000305561370015649,0.00091506363100958,5.90388737849991e-06,4
1,42,1.42027658028517e-05,0.0330055381453177,0.000294200291531296,0.000902444840343122,5.7168384668374e-06,4
1,43,1.4150508394111e-05,0.0329078216588434,0.000288884013177338,0.000889890954297007,5.53828650714772e-06,4
1,44,1.40996550867926e-05,0.0328123872817362,0.000281798657841635,0.00087786157815417,5.35167343749056e-06,4
1,45,1.40501707280542e-05,0.0327191694293093,0.000272695182517487,0.000866367703825498,5.16856371025747e-06,4
1,46,1.40020357757999e-05,0.0326280715809964,0.000262333031334927,0.0008553481570869,5.01563366501194e-06,4
1,47,1.3955248148018e-05,0.0325389904051501,0.00025330585371914,0.000844443204188704,4.88686362904176e-06,4
1,48,1.39097651654067e-05,0.0324518394397603,0.000248113992169124,0.000833543850817224,4.77208023751817e-06,4
1,49,1.38655301603995e-05,0.0323665663555778,0.000245644564421889,0.000822783789663165,4.66113805898055e-06,4
1,50,1.38224792374317e-05,0.0322831288428719,0.000244961266659507,0.000812479738117423,4.54759968080963e-06,4
1,51,1.37805874240197e-05,0.0322014880540535,0.000245923649305904,0.000802497185926593,4.43602628131257e-06,4
1,52,1.37398029716039e-05,0.0321215918446248,0.000246727057639375,0.000792649898732002,4.32970810489965e-06,4
1,53,1.36999931897264e-05,0.0320433899903267,0.000248418744994238,0.00078283085954056,4.23569474322511e-06,4
1,54,1.36610872920547e-05,0.0319668227277901,0.000248485575202666,0.000773315115389255,4.14455689093149e-06,4
1,55,1.36230874940789e-05,0.031891827261484,0.00024831335655413,0.00076402412316495,4.06385775820073e-06,4
1,56,1.35859861472995e-05,0.0318183509868947,0.000250279521995439,0.000754929673832264,3.98959167024132e-06,4
1,57,1.35497355020005e-05,0.0317463502623522,0.000253267724841421,0.000746085043423147,3.91685332715013e-06,4
1,58,1.35143295482328e-05,0.0316757835467075,0.00025613990924265,0.000737549389397766,3.84691894398873e-06,4
1,59,1.34797779182532e-05,0.0316066082143207,0.000260387987956959,0.000728962268536119,3.78243609277827e-06,4
1,60,1.3446032740952e-05,0.0315387943584929,0.000267420849958688,0.000720310482894193,3.72288299388996e-06,4
1,61,1.34130500527254e-05,0.0314723237333618,0.000274725578772073,0.00071171089002334,3.66186079293929e-06,4
1,62,1.33808159610967e-05,0.0314071792186171,0.000279016394586618,0.000703362096489677,3.60387259601273e-06,4
1,63,1.3349318909787e-05,0.031343337873085,0.000283257720714791,0.000695205675408915,3.55080198083597e-06,4
1,64,1.33185538148561e-05,0.0312807685090368,0.000286569221087628,0.000687295241100166,3.49928427830429e-06,4
1,65,1.32885053445484e-05,0.0312194318069254,0.000289737611017744,0.000679535197664988,3.45015373732223e-06,4
1,66,1.32591330430221e-05,0.0311592840474711,0.000291315511376438,0.000672174002793348,3.40667125840334e-06,4
1,67,1.32304145148945e-05,0.0311002824298393,0.000292251248410132,0.000664917958155945,3.36727815209711e-06,4
1,68,1.32023155855425e-05,0.0310423881072919,0.000294414462327267,0.000657609436562815,3.33256588500568e-06,4
1,69,1.31748164980857e-05,0.0309855771005306,0.000295768763638927,0.000650412646812535,3.30136187706412e-06,4
1,70,1.31478958837445e-05,0.0309298351282273,0.000297503033165585,0.000643275446642286,3.26869539516818e-06,4
1,71,1.31215201349392e-05,0.0308751458038288,0.000296963124640732,0.000636273631898373,7.98259927732765e-06,3
1,72,1.30957076466762e-05,0.0308214824014025,0.000297065589357341,0.000629816166988084,5.72054820170069e-06,3
1,73,1.30704239660832e-05,0.0307688505386609,0.00029461707431105,0.000623208974772762,7.36572253527626e-06,3
1,74,1.30456647146882e-05,0.0307171941153428,0.000292580584818485,0.000616866301266614,5.75939651475087e-06,3
1,75,1.30214077946982e-05,0.0306665106799857,0.000288084398064978,0.000610460279862455,7.31050937902157e-06,3
1,76,1.29976660390888e-05,0.0306167510360811,0.000283517087856201,0.000604300725252461,5.60392559664361e-06,3
1,77,1.29744016505998e-05,0.0305679102228668,0.000274788649050554,0.000598125757207389,7.11673744673016e-06,3
1,78,1.29516174762447e-05,0.0305199282563306,0.000266628712262732,0.000592286116426348,5.57501608168922e-06,3
1,79,1.2929278814737e-05,0.0304728052231594,0.000256837965067742,0.000586306361469965,7.00580790142857e-06,3
1,80,1.29073899347071e-05,0.0304264911231611,0.000249176107390529,0.000580453010329772,5.50926285631961e-06,3
1,81,1.28859310475194e-05,0.0303810072629835,0.000240239925088256,0.000574635659652669,6.85138026810516e-06,3
1,82,1.28649249119624e-05,0.0303363108206367,0.00023325683732191,0.000569062723527596,5.50830430102858e-06,3
1,83,1.28443482313546e-05,0.0302924278712364,0.00022453615418634,0.000563441645654099,6.73163844116401e-06,3
1,84,1.28242049980183e-05,0.030249307075034,0.000217424039446395,0.000557968299732693,5.44802152631122e-06,3
1,85,1.28044714755586e-05,0.0302069669040053,0.000209572317548307,0.00055240741433109,6.57410476042177e-06,3
1,86,1.27851656787171e-05,0.0301653482283165,0.000203074839750592,0.000546978177519677,5.3357971530893e-06,3
1,87,1.2766239336584e-05,0.0301244696446807,0.000195807760379171,0.000541527978557362,6.39066493770323e-06,3
1,88,1.27476985626264e-05,0.0300842784885962,0.000191593683836534,0.000536196436078419,5.19216566056101e-06,3
1,89,1.27295179759174e-05,0.0300447984343141,0.00018511414222657,0.000530995952746194,6.18629041790709e-06,3
1,90,1.27116834998531e-05,0.0300059708047123,0.000178314135406552,0.000526082698770959,5.09063874081542e-06,3
1,91,1.26941716167166e-05,0.0299678156976109,0.000171521174268584,0.000521071228680013,6.05019165892861e-06,3
1,92,1.26770003088518e-05,0.0299302782285304,0.000166562093497621,0.000516313296125311,4.95248830746959e-06,3
1,93,1.26601544093906e-05,0.0298933852995311,0.000161121432290636,0.000511504393578742,5.88320660908689e-06,3
1,94,1.26436318766041e-05,0.0298570861667663,0.000158593955476321,0.000506764669867868,4.86860758974493e-06,3
1,95,1.26274192220615e-05,0.0298214139419246,0.000154469569172849,0.000502118583955631,5.7463611213382e-06,3
1,96,1.26115359416552e-05,0.0297863165917818,0.000151787562627302,0.000497572479127085,4.76531562283535e-06,3
1,97,1.25959523792105e-05,0.0297518213691421,0.000148288217778363,0.000492959728647865,5.6070124292671e-06,3
1,98,1.258064853605e-05,0.0297178713606522,0.000144550869523709,0.00048855143404256,4.63595676949436e-06,3
1,99,1.25656037329087e-05,0.0296844943930537,0.00013885445160109,0.000484139626981263,5.44375486324178e-06,3
1,100,1.25508371603039e-05,0.0296516368075324,0.000135350709984675,0.000479814774905748,4.49111139613703e-06,3
2,1,1.25277009625161e-05,0.0295743305268418,0.00492325092479869,0.00103221654658639,4.73718105283633e-06,7
2,2,1.2500407205492e-05,0.0295005073516351,0.00305767959561291,0.00102215345761642,5.79514609196119e-06,6
2,3,1.24716817461174e-05,0.0294279943371947,0.00215622740966791,0.00102463300637394,3.10229655701572e-06,6
2,4,1.24433220962362e-05,0.0293573927106062,0.00155485837214862,0.00101803817933862,5.78316427764965e-06,5
2,5,1.24155839269389e-05,0.0292886101703642,0.00112258182822865,0.00100685372185688,4.88109163628155e-06,5
2,6,1.23887384982846e-05,0.0292218689566344,0.000809720831412857,0.000995023788794829,4.21630162400613e-06,5
2,7,1.23629515595256e-05,0.0291572105821822,0.00058765725997123,0.000984109742678295,3.47413328070658e-06,5
2,8,1.23381782201912e-05,0.0290945523960408,0.000434713876426437,0.000973639472911545,7.41893602541115e-06,4
2,9,1.23143797007289e-05,0.0290338032410156,0.000339430025909211,0.000963490673288262,6.38693633783133e-06,4
2,10,1.22914705617966e-05,0.0289748553546448,0.00028114750898519,0.000953570427483363,5.24206436696277e-06,4
2,11,1.22693944142658e-05,0.028917622551829,0.000250829352067121,0.000943787566244099,3.82000744096156e-06,4
2,12,1.22481039362568e-05,0.0288620233796372,0.000233316799700914,0.000934264807796031,2.52451594961955e-06,4
2,13,1.22275730248008e-05,0.0288079897162487,0.000223837645361348,0.000924473794995741,7.37583428274256e-06,3
2,14,1.22077152959133e-05,0.0287554580885678,0.00022215694081563,0.000915042279750805,3.30732567070535e-06,4
2,15,1.2188508089886e-05,0.028704383511676,0.000217728039016003,0.000905464043615377,7.60635198484629e-06,3
2,16,1.21699637091157e-05,0.0286547418376594,0.000218913271414532,0.000896278125741928,3.44603422482687e-06,4
2,17,1.21520426227496e-05,0.0286064738356406,0.000215276212130088,0.000886925134420937,7.39586910988812e-06,3
2,18,1.2134706706352e-05,0.028559539261654,0.000215905013230925,0.000878182136923606,3.48111084547871e-06,4
2,19,1.21179276552969e-05,0.0285138916565549,0.000212884699596135,0.000869433338744796,3.52257164823699e-06,4
2,20,1.21016938033403e-05,0.0284695021546572,0.000210836311676148,0.000860911254220304,3.49293462249782e-06,4
2,21,1.2085996095115e-05,0.028426343285852,0.000209578503773095,0.00085236754870053,3.47811376438124e-06,4
2,22,1.20708250214295e-05,0.0283843853356661,0.0002073519974332,0.000844050684503382,3.44407159051731e-06,4
2,23,1.20561465388851e-05,0.0283435837227813,0.000199752819058167,0.000835932868444376,7.97895752015174e-06,3
2,24,1.20419980653688e-05,0.0283039145146569,0.000196080010100676,0.00082805547050711,7.4959949866259e-06,3
2,25,1.2028292497809e-05,0.0282653096167403,0.000196389072933537,0.000819870517847401,7.88330298367603e-06,3
2,26,1.20150901071996e-05,0.0282277656295614,0.000198084230148405,0.000811781602584128,7.35468735096392e-06,3
2,27,1.20023144389678e-05,0.0281912341217829,0.000196073145591668,0.000804018048415077,7.68643259515467e-06,3
2,28,1.19900219300079e-05,0.0281557271523071,0.000192372195704423,0.000796406065033803,7.54972473296301e-06,3
2,29,1.19781086734726e-05,0.0281211884501246,0.000192304827695927,0.000788624983375904,7.51171674564111e-06,3
2,30,1.19666535610735e-05,0.0280876191400327,0.000193038148266442,0.000780941010954527,7.37399676174966e-06,3
2,31,1.19555609091597e-05,0.0280549588870515,0.000189045533763167,0.000773529175293915,7.21665733934182e-06,3
2,32,1.19448815761987e-05,0.0280232284512635,0.000185023666949905,0.000766008948510964,7.39463291500939e-06,3
2,33,1.19345296280527e-05,0.0279923734354606,0.000183127507802424,0.000758585141259779,6.95011952112504e-06,3
2,34,1.19245815454671e-05,0.0279624136781777,0.000181582832647788,0.000751180234711771,7.16840518560157e-06,3
2,35,1.19149480646674e-05,0.0279332887843381,0.000179884539898816,0.000743994746266209,6.71446858238923e-06,3
2,36,1.19056937246353e-05,0.0279050195343171,0.000177646034942597,0.000736776177123301,6.95675553428335e-06,3
2,37,1.18967335190555e-05,0.0278775567013582,0.000179263899683012,0.000729617130730284,6.45083206344452e-06,3
2,38,1.18881300720219e-05,0.0278509132205467,0.000175673881583625,0.00072260691158226,6.81188516320126e-06,3
2,39,1.18798051636819e-05,0.0278250209732756,0.000173633142286894,0.000715754975242485,6.16120115067121e-06,3
2,40,1.18718151111013e-05,0.027799897168065,0.000172596661136452,0.000708685061482452,6.6755366541392e-06,3
2,41,1.18640846246327e-05,0.0277754943847699,0.00017362172578821,0.000701732372549492,6.00407436103692e-06,3
2,42,1.18566749118028e-05,0.0277518309837835,0.000171540452669642,0.000694862780820287,6.54784903713973e-06,3
2,43,1.18495056254962e-05,0.0277288536087933,0.000170240937832428,0.000688257898969708,5.66607176739672e-06,3
2,44,1.18426289081392e-05,0.0277065716340011,0.000168409904339177,0.000681431526798614,6.4302561311236e-06,3
2,45,1.18359745284236e-05,0.0276849337231098,0.000168969840357328,0.000674878189658135,5.46113035304547e-06,3
2,46,1.18295903123263e-05,0.0276639522124564,0.000166469563239419,0.000668179809959721,6.31993069903267e-06,3
2,47,1.1823413206257e-05,0.0276435833646019,0.000166132534562807,0.000661815236024993,5.18978663430858e-06,3
2,48,1.18174870597719e-05,0.0276238394115894,0.00016504242994885,0.000655229846427868,6.20300641049715e-06,3
2,49,1.18117546581511e-05,0.0276046754806222,0.000166254275210815,0.000648998221774072,4.82401904160638e-06,3
2,50,1.18062438637034e-05,0.0275860980839786,0.000162358673554906,0.000642698349808819,6.0906393023213e-06,3
2,51,1.18009057009228e-05,0.0275680695769109,0.000163814066108821,0.000636507420839765,4.66207182713085e-06,3
2,52,1.17957756732962e-05,0.0275505947818817,0.000160559544260041,0.000630398767827202,5.97111987939641e-06,3
2,53,1.17908048344772e-05,0.0275336308156903,0.000160299552503507,0.00062446270177257,4.56256002586692e-06,3
2,54,1.17860293425522e-05,0.0275171792655901,0.00015545653596566,0.000618512159924777,5.81973757030346e-06,3
2,55,1.17813990494728e-05,0.0275011994483148,0.000154129853612504,0.000612667151395018,4.46601105263491e-06,3
2,56,1.17769554122935e-05,0.0274856991901505,0.000151985646963677,0.000606583245071,5.63819163293284e-06,3
2,57,1.17726536736076e-05,0.0274706396491618,0.000150094659490741,0.000601076679677772,4.2681152650526e-06,3
2,58,1.17685261206089e-05,0.0274560252232854,0.000146018034808923,0.00059534845143333,5.46345289910024e-06,3
2,59,1.17645250782763e-05,0.0274418202744374,0.000146244761296938,0.000589905642472142,4.15867296348444e-06,3
2,60,1.17606834454571e-05,0.0274280310546034,0.000143579156543685,0.000584423629114738,5.2980895114523e-06,3
2,61,1.17569721513694e-05,0.0274146368296684,0.000138976076367219,0.000579031163485744,7.8635089498385e-06,2
2,62,1.17533980519804e-05,0.0274016218107204,0.000138505073679333,0.000573894648199404,7.35170808885934e-06,2
2,63,1.17499511542155e-05,0.027388956792315,0.000141288474636582,0.000568789781811479,4.34747509252497e-06,3
2,64,1.17465986853754e-05,0.0273766284919268,0.000139954474294562,0.000563442378154188,4.15017970953311e-06,3
2,65,1.17433734010381e-05,0.0273646472087209,0.000139030708886598,0.00055819028347635,5.03465280613803e-06,3
2,66,1.17402484188539e-05,0.0273529999088277,0.000138407002600314,0.000552936113592971,7.39133573959798e-06,2
2,67,1.1737210747584e-05,0.0273416765439637,0.000142261430096368,0.000547602782859458,7.54767899845889e-06,2
2,68,1.1734131342752e-05,0.027330707152118,0.000232275363711922,0.000538961678064365,4.70318533353601e-06,3
2,69,1.17310776246197e-05,0.0273199708387838,0.000172726451840884,0.000533615572868787,7.13602561113659e-06,3
2,70,1.17281077426116e-05,0.0273095045423365,0.000136360416648158,0.000529170235749027,5.09072776593772e-06,3
2,71,1.17252524345175e-05,0.0272993263388176,0.000126448353104965,0.000524155320758229,5.12410933173095e-06,3
2,72,1.17225755667555e-05,0.0272894695560228,0.000117790500101639,0.000519428304124103,4.81506583102177e-06,3
2,73,1.17199933467992e-05,0.027279854263615,0.000110746982870157,0.000514900465420081,4.7770645004447e-06,3
2,74,1.17175552965166e-05,0.0272705197230357,0.00010825674173137,0.000510489466734412,4.64332390641952e-06,3
2,75,1.17152284546528e-05,0.0272614396219084,0.000105067022931571,0.000505950969208213,7.7548095377081e-06,2
2,76,1.17129761681001e-05,0.0272525718304524,0.000107993534362089,0.000502093363924222,4.12579928048632e-06,3
2,77,1.17108472073348e-05,0.0272439509287934,0.000103867389780791,0.000498018414628841,4.57722605645458e-06,3
2,78,1.17087846402637e-05,0.0272355290515797,0.000101650460045864,0.000493972040189164,4.41205326040734e-06,3
2,79,1.17068414556561e-05,0.0272273472766032,0.000101448826809021,0.000489897387082205,4.32000761880039e-06,3
2,80,1.17049920349703e-05,0.0272193834743656,9.79714612572724e-05,0.000485912537625036,7.15249538143493e-06,2
2,81,1.17032395482357e-05,0.0272116319132033,9.49742326741329e-05,0.000482296052251307,7.97499223806419e-06,2
2,82,1.17015302451797e-05,0.0272040373673344,9.84486461695879e-05,0.00047875698469678,3.68920912266788e-06,3
2,83,1.16998957439992e-05,0.0271966326612274,9.22308782967193e-05,0.000474940300983749,6.86743373904671e-06,2
2,84,1.16983484720302e-05,0.0271894206899371,9.03681334139585e-05,0.000471545282858265,7.36542487982796e-06,2
2,85,1.16969160991907e-05,0.027182411517999,9.27843416538666e-05,0.000468095120085861,3.62260890917719e-06,3
2,86,1.1695543939585e-05,0.0271755662318981,8.67265939374203e-05,0.000464381469364505,6.35219924904621e-06,2
2,87,1.16942396048345e-05,0.0271688893934975,8.75737944016935e-05,0.000461088994102934,5.29866929639639e-06,2
2,88,1.16930029584131e-05,0.0271623752255085,8.70636265864301e-05,0.000457700575182589,5.69668584221471e-06,2
2,89,1.16918313412098e-05,0.0271560224678988,8.80214332769377e-05,0.000454283658835033,5.79071356933729e-06,2
2,90,1.16907258697509e-05,0.0271498278924176,8.89284462481331e-05,0.000450891707494555,6.09939294032395e-06,2
2,91,1.16896853082429e-05,0.0271437855059291,8.39398625705328e-05,0.000447766971092957,6.33062501687803e-06,2
2,92,1.16887078306481e-05,0.0271378931987703,8.21152789503655e-05,0.000444558414805599,6.5582381565669e-06,2
2,93,1.16877911633956e-05,0.0271321486012838,8.14155296788252e-05,0.000441402672700458,6.74301017267284e-06,2
2,94,1.16869292500313e-05,0.0271265465843845,8.09221971662153e-05,0.000438300112896699,6.8721354912624e-06,2
2,95,1.16861197327893e-05,0.0271210794351927,8.07523248088053e-05,0.000435294479606287,6.77549144862049e-06,2
2,96,1.16853600043914e-05,0.0271157430328609,7.79060015732717e-05,0.000432416405422699,6.74510721864811e-06,2
2,97,1.16846496536126e-05,0.0271105350445937,7.66081662369946e-05,0.000429493018416993,6.77113117041867e-06,2
2,98,1.16839881992988e-05,0.0271054528603186,7.60468889279471e-05,0.000426589823150759,6.60446503415984e-06,2
2,99,1.16833783636181e-05,0.0271004958310658,7.63409954674687e-05,0.000423657002417423,6.53054657091361e-06,2
2,100,1.16828185414271e-05,0.0270956613022389,7.49679870024364e-05,0.000420808226441798,6.54300912525127e-06,2
3,1,1.16882242914155e-05,0.027094864413563,0.00292913214906582,0.000547107998772811,7.89187598297495e-06,6
3,2,1.16871837920982e-05,0.0270863626406696,0.00194289527900553,0.000529111145484561,3.65175237540415e-06,6
3,3,1.16842933596928e-05,0.027076506963739,0.00139815042009904,0.00054351305419121,5.6838408162995e-06,5
3,4,1.16819222219848e-05,0.0270682353291668,0.00101550519750077,0.000548560701231195,4.06129311893043e-06,5
3,5,1.16802781952869e-05,0.0270612048316985,0.000741006457550845,0.000541666395611104,7.71206490618476e-06,4
3,6,1.16792477028739e-05,0.0270549431039151,0.000542710541412827,0.000531077680521359,6.27904988268328e-06,4
3,7,1.16786284979755e-05,0.0270491373993659,0.000397174968582563,0.000521386950643265,5.32424676545877e-06,4
3,8,1.16782766124669e-05,0.027043649727242,0.00029249387727074,0.000513967941294789,4.4645843095199e-06,4
3,9,1.16781076247085e-05,0.027038403223487,0.000219201939069042,0.000508106802649842,7.60801530588293e-06,3
3,10,1.16780761748225e-05,0.0270333922012331,0.000170601364094952,0.000503524589091186,5.18290710309816e-06,3
3,11,1.16781476271515e-05,0.0270285731415919,0.000138224831554447,0.000499380626904662,4.75083312282822e-06,3
3,12,1.16783033051063e-05,0.0270239274714815,0.000117829295196671,0.000495385986728574,4.2000140417465e-06,3
3,13,1.16785132344906e-05,0.0270194325420386,0.000103790442587458,0.000491418995930542,6.87713178302737e-06,2
3,14,1.16787758200061e-05,0.0270150965534152,9.74179524364335e-05,0.000487786474033921,6.65444108942557e-06,2
3,15,1.1679102652868e-05,0.0270109078562228,9.57387758251125e-05,0.000483793106453148,6.6626555743279e-06,2
3,16,1.16794857238237e-05,0.0270068557465315,9.41579691126845e-05,0.000480083353379393,6.08718676177477e-06,2
3,17,1.16799078997191e-05,0.0270029366051924,8.96900485404687e-05,0.000476510977677777,6.49431617069692e-06,2
3,18,1.16803652568091e-05,0.0269991456860191,9.01583846026983e-05,0.000473056388535747,6.36404834820601e-06,2
3,19,1.16808513636989e-05,0.0269954793345666,8.86497964814771e-05,0.000469739308168013,6.48962259651493e-06,2
3,20,1.16813666174611e-05,0.0269919330374031,8.7445419146595e-05,0.000466496920428536,6.52673068511868e-06,2
3,21,1.16819105397317e-05,0.026988502547292,8.6159482489494e-05,0.000463336894713552,6.51151406483758e-06,2
3,22,1.16824793765984e-05,0.0269851828848337,8.50352194349907e-05,0.000460255062900503,6.49336359156627e-06,2
3,23,1.16830750761316e-05,0.0269819719241099,8.38068613264747e-05,0.000457186312329247,6.53781628779899e-06,2
3,24,1.16836995630279e-05,0.026978866012524,8.3299886931394e-05,0.000454112466384907,6.41014656640663e-06,2
3,25,1.1684350667228e-05,0.0269758634375174,8.28905801580757e-05,0.000450997626954349,6.45885539466028e-06,2
3,26,1.16850310192381e-05,0.0269729602356849,8.17807784065781e-05,0.000448076920395142,6.34714795125281e-06,2
3,27,1.16857399704442e-05,0.02697015461241,8.06746146080855e-05,0.00044516574541034,6.34035732559272e-06,2
3,28,1.16864758995401e-05,0.0269674433425115,7.95986825541899e-05,0.000442306149649048,6.24685382695944e-06,2
3,29,1.16872399968396e-05,0.026964823691993,7.78112890860256e-05,0.000439493513197094,6.23017039568486e-06,2
3,30,1.16880307560994e-05,0.0269622926012025,7.661894016478e-05,0.000436688344687755,6.13258713574094e-06,2
3,31,1.16888480735395e-05,0.0269598487279938,7.66484898030019e-05,0.000433834122443412,6.11692227641653e-06,2
3,32,1.16896914783223e-05,0.0269574894734241,7.56513315670069e-05,0.000431161834419168,6.01155164431092e-06,2
3,33,1.16905603057244e-05,0.0269552129344081,7.46514188533458e-05,0.000428476332877435,5.97965826620724e-06,2
3,34,1.16914532971279e-05,0.0269530158181192,7.49463020888378e-05,0.000425792670589773,5.87478564929853e-06,2
3,35,1.16923689374592e-05,0.0269508967206891,7.34673684383508e-05,0.00042318547117628,5.85935576662182e-06,2
3,36,1.16933051638849e-05,0.0269488537716903,7.28015912405845e-05,0.000420554927945095,5.76219572206566e-06,2
3,37,1.16942639300571e-05,0.0269468856500779,7.38564616822495e-05,0.00041779718257804,5.73229140322262e-06,2
3,38,1.16952449043178e-05,0.0269449903514242,7.24895840057662e-05,0.000415183683931818,5.67548660369075e-06,2
3,39,1.16962458276244e-05,0.0269431660111409,7.15901881207798e-05,0.000412570547109093,5.64479388338018e-06,2
3,40,1.16972658122686e-05,0.0269414090731571,7.00125656142696e-05,0.000410056826659067,5.55371624981163e-06,2
3,41,1.16983032751744e-05,0.0269397183905846,6.85857079603009e-05,0.000407528958019256,5.53154888553868e-06,2
3,42,1.16993575158889e-05,0.0269380917372719,6.8463241987853e-05,0.00040502889410378,5.43248971680171e-06,2
3,43,1.17004312005856e-05,0.0269365267993662,6.83812869565879e-05,0.000402521842516094,5.39170504131564e-06,2
3,44,1.17015227508871e-05,0.0269350215171884,6.50559514441645e-05,0.000400224316856148,5.32384447439275e-06,2
3,45,1.17026300488769e-05,0.0269335755149952,6.06667305381982e-05,0.000397946551233405,5.26029021308584e-06,2
3,46,1.17037528195969e-05,0.0269321881706624,6.15077875272954e-05,0.000395570116085937,5.158975508208e-06,2
3,47,1.17048936707022e-05,0.0269308595890444,6.07601677824739e-05,0.000393233366454247,5.17942491361039e-06,2
3,48,1.17060523127398e-05,0.0269295880510974,6.03218137452627e-05,0.00039094012942051,5.08271205727844e-06,2
3,49,1.17072269870924e-05,0.026928372171498,5.95020843983643e-05,0.000388736020160922,5.03106809758561e-06,2
3,50,1.17084193352972e-05,0.0269272104069502,5.83431762045041e-05,0.000386594194852086,4.99012344117925e-06,2
3,51,1.17096320051015e-05,0.0269261017741418,5.76114706737749e-05,0.000384445849666792,4.95254208583013e-06,2
3,52,1.17108681578562e-05,0.0269250444148691,5.69442233625715e-05,0.000382336917253628,4.88054899011773e-06,2
3,53,1.17121272267299e-05,0.0269240371769325,5.68372652647221e-05,0.000380165087240766,4.85816042092383e-06,2
3,54,1.17134059076723e-05,0.0269230785249871,5.62709217572501e-05,0.000378105544810954,4.79441200284685e-06,2
3,55,1.17147006168657e-05,0.0269221680298331,5.52375591710303e-05,0.000376051130810151,4.7726626092817e-06,2
3,56,1.17160094455072e-05,0.0269213044386518,5.56308891590499e-05,0.000373966328820645,4.70765564253084e-06,2
3,57,1.17173315233674e-05,0.0269204866886083,5.52489625306438e-05,0.000371927376678814,4.6813972811354e-06,2
3,58,1.17186654062275e-05,0.0269197142249716,5.46867316435211e-05,0.000369921571985809,4.63006126251905e-06,2
3,59,1.17200105947572e-05,0.0269189858092015,5.43937091817406e-05,0.000367977149634108,4.60795264625508e-06,2
3,60,1.17213656959362e-05,0.026918300083347,5.35743729918745e-05,0.000366080602716379,4.55029002371645e-06,2
3,61,1.17227302697231e-05,0.0269176563235194,5.29483391077751e-05,0.000364157615396351,4.5121633900113e-06,2
3,62,1.17241040246036e-05,0.0269170532354189,5.27102414829106e-05,0.000362248161740694,4.45830592466812e-06,2
3,63,1.17254892875109e-05,0.0269164901901895,5.33140815964995e-05,0.00036028635349171,4.4357465665291e-06,2
3,64,1.17268846205638e-05,0.0269159660826686,5.26569405022164e-05,0.000358404219896606,4.388206217565e-06,2
3,65,1.17282874428478e-05,0.0269154800479482,5.1972833111712e-05,0.000356535169316733,4.38014675481196e-06,2
3,66,1.17296980834923e-05,0.0269150313616824,5.27578594990674e-05,0.00035457448171979,4.32787115902552e-06,2
3,67,1.17311168148963e-05,0.026914618833099,5.30624718830974e-05,0.000352716747441039,4.29352889801808e-06,2
3,68,1.17325419851638e-05,0.0269142416659677,5.18880163729465e-05,0.000350905315383923,4.2612074652605e-06,2
3,69,1.17339739507538e-05,0.02691389891233,5.19115342506463e-05,0.000349101153375274,4.23420889211979e-06,2
3,70,1.17354123399142e-05,0.026913589618946,5.04683474365783e-05,0.000347369537112751,4.17651967189408e-06,2
3,71,1.1736856624247e-05,0.0269133138232629,5.02076578479103e-05,0.000345579632664066,4.16288852551412e-06,2
3,72,1.17383073277671e-05,0.0269130707994069,5.08568046070859e-05,0.000343785437878006,4.12908736202395e-06,2
3,73,1.17397641422538e-05,0.0269128594298966,5.04542671453205e-05,0.000342047335648614,4.10260945614992e-06,2
3,74,1.17412252138307e-05,0.0269126792212065,5.11095208516352e-05,0.000340300757559584,4.07141282450421e-06,2
3,75,1.17426909902407e-05,0.0269125296586545,5.15663886631393e-05,0.000338566260397424,4.05913623028438e-06,2
3,76,1.17441606737569e-05,0.0269124095029798,5.06528760122197e-05,0.000336856116905275,4.01921354369731e-06,2
3,77,1.17456345388505e-05,0.0269123181599101,5.17448910840502e-05,0.000335012846939551,4.00395039669226e-06,2
3,78,1.17471158752271e-05,0.0269122546566887,5.15812796779736e-05,0.000333283886502014,4.00099922088939e-06,2
3,79,1.17486012637666e-05,0.0269122186336283,4.73488797667194e-05,0.000331712934757984,3.98044553163555e-06,2
3,80,1.17500921910464e-05,0.0269122102920192,4.62677760562517e-05,0.000330086189080629,3.88270027720134e-06,2
3,81,1.17515894845633e-05,0.0269122294724393,4.58178067047512e-05,0.000328432901774268,3.85322622031513e-06,2
3,82,1.17530924718018e-05,0.0269122751697928,4.55272922242507e-05,0.000326807153267427,3.83563681161186e-06,2
3,83,1.17546003037381e-05,0.0269123469578315,4.26540921826342e-05,0.000325268582689506,3.81601119975569e-06,2
3,84,1.17561129256473e-05,0.0269124448977822,4.19975360349353e-05,0.000323705354118714,3.75533944997789e-06,2
3,85,1.17576306778957e-05,0.0269125686872317,4.2135119858731e-05,0.000322163569428146,3.73418681644482e-06,2
3,86,1.17591535377552e-05,0.0269127175613261,4.25891847428786e-05,0.000320639285382687,3.70505682254205e-06,2
3,87,1.17606806626636e-05,0.0269128901493212,4.17602967385817e-05,0.000319208319840937,3.67256702179351e-06,2
3,88,1.17622108383835e-05,0.0269130859321631,4.11137688829254e-05,0.000317759895754386,3.64196372118768e-06,2
3,89,1.17637444916145e-05,0.0269133043827572,4.13452527360108e-05,0.000316296590225873,3.62805537890253e-06,2
3,90,1.1765281357029e-05,0.0269135448837249,4.06402209906792e-05,0.000314878582643778,3.59590272303177e-06,2
3,91,1.1766820891339e-05,0.0269138074166953,4.02678586621035e-05,0.00031344105141454,3.57611814765918e-06,2
3,92,1.17683632800458e-05,0.0269140917553465,4.0300952555948e-05,0.000312003536783714,3.54958420077334e-06,2
3,93,1.17699083530662e-05,0.0269143974959327,4.00891974796286e-05,0.000310571790278585,3.53184637597707e-06,2
3,94,1.17714562974695e-05,0.0269147240848025,4.09340110187017e-05,0.000309110276273563,3.5062560002148e-06,2
3,95,1.17730064684399e-05,0.0269150708560328,4.04096318037022e-05,0.000307730886885742,3.49483483270162e-06,2
3,96,1.1774558769508e-05,0.026915437280234,3.96559880739061e-05,0.000306367323578651,3.46812407016027e-06,2
3,97,1.17761136129957e-05,0.0269158226274716,3.92257654839673e-05,0.000304980516015365,3.44162030287984e-06,2
3,98,1.17776709860239e-05,0.0269162263967553,3.82860171892192e-05,0.000303610560339294,3.41388793923974e-06,2
3,99,1.17792307119489e-05,0.0269166485201317,3.79119257428204e-05,0.000302222285853717,3.39632662788092e-06,2
3,100,1.17807918656089e-05,0.0269170886698487,3.78194521222854e-05,0.000300854841215041,3.36284051286546e-06,2
4,1,1.17904776542808e-05,0.0269259198337049,0.00297213669013419,0.000415984493408183,7.38037803776852e-06,6
4,2,1.17929109863202e-05,0.0269265242593861,0.00181160001632626,0.000319480420741776,3.76191409267528e-06,6
4,3,1.1791696135201e-05,0.0269227939213199,0.00126368997871164,0.000325122319022952,5.92800635111519e-06,5
4,4,1.17905090721843e-05,0.0269197350022853,0.00090099019290806,0.000339989967916749,3.91640497643505e-06,5
4,5,1.17900578805039e-05,0.026917952883966,0.000648899168030309,0.000341011366162213,7.57130253997702e-06,4
4,6,1.1790309629152e-05,0.0269170880498431,0.000470876863773759,0.000334357266015272,5.63218830279264e-06,4
4,7,1.17910309559071e-05,0.0269167256325317,0.000342971609603103,0.000324595479437991,4.48918572644132e-06,4
4,8,1.17920402864972e-05,0.026916625399683,0.000249838654151874,0.000315861200526475,3.4701599059137e-06,4
4,9,1.17932235364443e-05,0.0269166570119804,0.000182205479803634,0.000309109187121507,6.4296325834806e-06,3
4,10,1.17944982916526e-05,0.0269167880512518,0.000134878910715264,0.000304575184014427,3.57853935114212e-06,3
4,11,1.17958470096379e-05,0.0269169727746103,0.000102194540277757,0.000301127002425793,3.36291072223627e-06,3
4,12,1.17972196964773e-05,0.0269171932733678,7.89183063893686e-05,0.000298385007890143,6.84210880783074e-06,2
4,13,1.17986159785465e-05,0.0269174482787795,6.35131972363759e-05,0.000296434897310547,5.28670896453142e-06,2
4,14,1.18000361273073e-05,0.0269177294473899,5.44519851194803e-05,0.000294472718054534,4.32248462980751e-06,2
4,15,1.18014711306494e-05,0.0269180360116092,4.85874336873684e-05,0.000292589782906614,3.01845696301918e-06,2
4,16,1.18029074969119e-05,0.0269183632984532,4.47913559019144e-05,0.0002907445783112,2.55805775865539e-06,2
4,17,1.18043435534496e-05,0.0269187105096805,4.31052252627085e-05,0.00028891386110534,2.36715123620945e-06,2
4,18,1.18057978137455e-05,0.0269190767903246,4.29640189030371e-05,0.000286957308295962,7.69082319684408e-06,1
4,19,1.18072336697834e-05,0.0269194590467643,4.39391720446956e-05,0.000285402676194936,2.81524866451891e-06,2
4,20,1.18086619909509e-05,0.0269198562880237,4.31650385763114e-05,0.000283747884171516,2.36279033972335e-06,2
4,21,1.18100880915521e-05,0.0269202691809769,4.09622062743096e-05,0.000282031731927955,7.49979009275935e-06,1
4,22,1.18115290567515e-05,0.0269206946513412,3.91782752213189e-05,0.000280736007746032,3.68558752938963e-06,2
4,23,1.18129612991496e-05,0.0269211377263103,3.60001492230904e-05,0.00027919996986072,4.57065798112232e-06,2
4,24,1.18144059466022e-05,0.0269215949568551,3.65403316458724e-05,0.000277771340573245,2.48425966021843e-06,2
4,25,1.18158630206086e-05,0.0269220690658591,3.50085634981669e-05,0.000276072841347677,7.51211795913807e-06,1
4,26,1.18173154936465e-05,0.0269225539330148,3.74965879466926e-05,0.000274781635932623,5.04604773496126e-06,2
4,27,1.18187667683177e-05,0.0269230549423681,3.41023868935898e-05,0.000273312289994439,6.18518805979379e-06,2
4,28,1.18202042297846e-05,0.0269235665693942,3.49373944786677e-05,0.000272108168187638,3.51802575722712e-06,2
4,29,1.18216571830605e-05,0.0269240913861479,3.29145102629611e-05,0.000270856607091664,4.15370593021565e-06,2
4,30,1.18231028652056e-05,0.026924628785187,3.17925078314093e-05,0.000269610572202304,3.26932239378846e-06,2
4,31,1.18245544976187e-05,0.0269251775059886,3.17991750300333e-05,0.000268428430634678,2.87808916947917e-06,2
4,32,1.18260046568168e-05,0.026925738946379,3.11165706055775e-05,0.000267133085778515,3.11032896996981e-06,2
4,33,1.18274533713253e-05,0.026926311941823,3.18963260361309e-05,0.00026584777670996,2.8184796575336e-06,2
4,34,1.18289009969895e-05,0.0269268964588667,3.15790280718996e-05,0.000264578613115455,2.8144337457306e-06,2
4,35,1.18303475425761e-05,0.0269274919690782,3.18773583798007e-05,0.000263307273515833,2.92522956979809e-06,2
4,36,1.18317904218266e-05,0.0269280981077789,3.21712470049789e-05,0.000262094209822137,2.67194220480869e-06,2
4,37,1.18332333451812e-05,0.0269287139276031,3.14176276333125e-05,0.000260953666347217,2.79615815780945e-06,2
4,38,1.18346729883852e-05,0.0269293399076607,3.11081364509023e-05,0.000259769221765939,2.69638653404977e-06,2
4,39,1.18361127055853e-05,0.0269299750383019,3.18001953425238e-05,0.000258600756175913,2.61644624161337e-06,2
4,40,1.18375503896332e-05,0.0269306201302265,3.205333551294e-05,0.000257387805397413,2.63606865888438e-06,2
4,41,1.18389874576515e-05,0.0269312743290884,3.15936476066155e-05,0.000256274033723593,2.56942857717392e-06,2
4,42,1.18404226065947e-05,0.0269319378664248,3.05963156615175e-05,0.000255151895733874,2.53791277052504e-06,2
4,43,1.18418570276029e-05,0.0269326101427982,3.013440401777e-05,0.000254012849798547,2.53642303051339e-06,2
4,44,1.18432893984767e-05,0.0269332912934361,2.99999278022097e-05,0.000252844325074323,2.48210860402442e-06,2
4,45,1.18446938353045e-05,0.026933981464549,2.89932216104291e-05,0.000251550389423356,7.95993689715719e-06,1
4,46,1.18461310186376e-05,0.0269346761571709,3.18779944053598e-05,0.000250616858002071,3.33276079678464e-06,2
4,47,1.18475603659504e-05,0.0269353808967479,2.90125841884429e-05,0.000249540678982123,3.10158043856624e-06,2
4,48,1.18489868648337e-05,0.0269360946829692,2.80567374569826e-05,0.000248485411073437,3.14834692934158e-06,2
4,49,1.18504146178424e-05,0.0269368167602639,2.88670017492677e-05,0.000247447427298941,2.41291181566138e-06,2
4,50,1.18518582811105e-05,0.0269375488545479,2.84603994990559e-05,0.000246128195222204,7.35099668421677e-06,1
4,51,1.18532778214943e-05,0.0269382872025617,3.26121351981419e-05,0.000245140620249952,4.12191250887112e-06,2
4,52,1.18546972236259e-05,0.0269390333852616,2.86780542776037e-05,0.000244163897904919,4.51934783416519e-06,2
4,53,1.18561097161285e-05,0.0269397840216713,2.77227884921412e-05,0.000243253918056144,3.11923049389307e-06,2
4,54,1.18575256574503e-05,0.0269405419860366,2.8012659024751e-05,0.000242214491433893,3.23498136568382e-06,2
4,55,1.18589387089368e-05,0.026941306488194,2.81237006200203e-05,0.000241159494775584,3.30332095700831e-06,2
4,56,1.18603487233093e-05,0.0269420774493975,2.83531820737184e-05,0.000240189603320482,2.81623277785835e-06,2
4,57,1.18617597058639e-05,0.0269428548671168,2.77025990030854e-05,0.000239198615583244,3.18920984655318e-06,2
4,58,1.18631646309814e-05,0.0269436392288085,2.76896150563993e-05,0.000238184238618661,2.85462955723866e-06,2
4,59,1.18645700846383e-05,0.0269444293777498,2.80951469389059e-05,0.000237191806800499,2.80693790776169e-06,2
4,60,1.18659724383745e-05,0.0269452259607213,2.74924806404483e-05,0.000236211888752952,2.87916800660407e-06,2
4,61,1.18673725240612e-05,0.0269460277125043,2.71249431146098e-05,0.000235296417365217,2.66521823653451e-06,2
4,62,1.18687710778861e-05,0.0269468353744806,2.64063281176834e-05,0.000234344944300532,2.75550590166308e-06,2
4,63,1.18701669748355e-05,0.0269476481606716,2.65158378931314e-05,0.000233410067505998,2.66298446419199e-06,2
4,64,1.18715604407986e-05,0.026948466693838,2.64859050740344e-05,0.000232464304602493,2.60903658705124e-06,2
4,65,1.18729525501395e-05,0.0269492904197215,2.71858334074309e-05,0.000231460856447356,2.63387300171917e-06,2
4,66,1.1874341643393e-05,0.026950119618895,2.79886968568663e-05,0.000230447773677404,2.57363938831977e-06,2
4,67,1.18757015681606e-05,0.0269509539726618,2.65089409160761e-05,0.000229378801699772,7.94536309867831e-06,1
4,68,1.18770937182519e-05,0.0269517876903848,2.88546137551033e-05,0.000228662203670502,3.99681462067017e-06,2
4,69,1.18784753872855e-05,0.0269526275801112,2.69110300541728e-05,0.000227756076458233,3.8301453557713e-06,2
4,70,1.18798588140864e-05,0.0269534730564041,2.70363809550499e-05,0.000226836395219822,3.43944796148466e-06,2
4,71,1.18812384962271e-05,0.0269543226965951,2.76615494132028e-05,0.000225957992597953,2.76724369654721e-06,2
4,72,1.18826108210885e-05,0.0269551768623461,2.71433930695372e-05,0.000225042550999079,3.14272048554949e-06,2
4,73,1.18839842745726e-05,0.0269560341285736,2.78936803732725e-05,0.000224096997209522,2.83198979708374e-06,2
4,74,1.18853556392618e-05,0.026956894667887,3.00894067495251e-05,0.000222994861477999,2.80273901955277e-06,2
4,75,1.18867254025527e-05,0.026957758562586,2.67794589649394e-05,0.000222114242810993,2.97803726179685e-06,2
4,76,1.18880940772317e-05,0.026958626389353,2.4727999313065e-05,0.000221228675349162,2.68931014534629e-06,2
4,77,1.18894576224171e-05,0.0269594977628334,2.51753764333326e-05,0.000220357785522715,2.75569209479465e-06,2
4,78,1.18908187364988e-05,0.0269603730494811,2.48031529863543e-05,0.000219507418949347,2.64627097492011e-06,2
4,79,1.18922001326252e-05,0.0269612544322913,2.40647314699637e-05,0.000218422839545313,7.81826143211852e-06,1
4,80,1.18935486776442e-05,0.0269621360768563,2.68897129356214e-05,0.00021767071817879,4.25789916950862e-06,2
4,81,1.18948963770083e-05,0.0269630216110218,2.41792267268796e-05,0.000216954483156215,4.12719282389563e-06,2
4,82,1.18962371285001e-05,0.0269639097381128,2.2499375404441e-05,0.000216183374500452,3.53535379188537e-06,2
4,83,1.18975791821656e-05,0.026964799716436,2.28222796742352e-05,0.000215431187112974,2.89509531744297e-06,2
4,84,1.18989218146599e-05,0.0269656934919663,2.21808945055811e-05,0.000214586835411144,3.32128199397169e-06,2
4,85,1.19002586240318e-05,0.0269665899519206,2.23849283474996e-05,0.000213813590219575,2.86159486562429e-06,2
4,86,1.19015952120375e-05,0.0269674896641111,2.19676319115565e-05,0.00021305843515232,3.00470719980153e-06,2
4,87,1.19029275693812e-05,0.0269683920565819,2.09956546064171e-05,0.000212336008354599,2.96238028949092e-06,2
4,88,1.1904257198953e-05,0.026969296847215,2.07311017570686e-05,0.000211605778096963,2.78100956822907e-06,2
4,89,1.19055857494305e-05,0.0269702040616023,2.0703119364932e-05,0.000210858267992854,2.93054448354768e-06,2
4,90,1.19069102447189e-05,0.0269711139790304,2.08138436050761e-05,0.000210102525712212,2.73703600325606e-06,2
4,91,1.19082347324923e-05,0.0269720259519396,2.10311578102919e-05,0.000209370411682652,2.77173552132359e-06,2
4,92,1.19095557738744e-05,0.0269729405826549,2.09364983953865e-05,0.000208617761259287,2.74362115087665e-06,2
4,93,1.19108753008907e-05,0.0269738568682144,2.17032950959966e-05,0.000207890009640277,2.63966085116975e-06,2
4,94,1.19121931712601e-05,0.0269747755045247,2.16500118142915e-05,0.000207070922137389,2.70929936673077e-06,2
4,95,1.19135072092548e-05,0.0269756958808337,2.15318734303989e-05,0.000206357667896207,2.59876427944571e-06,2
4,96,1.19148188570083e-05,0.0269766184879532,2.03630725370167e-05,0.000205677201123406,2.63154791052099e-06,2
4,97,1.19161280497144e-05,0.0269775430716802,1.98319418577715e-05,0.000204994381449518,2.57354348534956e-06,2
4,98,1.19174349294196e-05,0.0269784699442714,1.94691157811935e-05,0.000204301951320472,2.55228261124135e-06,2
4,99,1.19187401615795e-05,0.0269793986789181,1.93417892897818e-05,0.000203628459076218,2.52806567891797e-06,2
4,100,1.19200429005793e-05,0.0269803294385625,1.91883064087564e-05,0.000202933308744969,2.51269851995646e-06,2
5,1,1.19325049912957e-05,0.0269896272697915,0.00309972101374872,0.000393193799114266,7.26827861838114e-06,6
5,2,1.19342481715591e-05,0.0269897220792718,0.0018056542411837,0.000234639735049177,3.75212980820666e-06,6
5,3,1.19315046370908e-05,0.0269851679890247,0.00122311253434722,0.000229553760917069,6.02747605811289e-06,5
5,4,1.19288583541766e-05,0.0269818475813742,0.000868032477666895,0.000238215810702486,3.83570960752948e-06,5
5,5,1.19271780834246e-05,0.0269802412770204,0.000627985961358097,0.000237195034108187,7.64303095604147e-06,4
5,6,1.19263625906508e-05,0.0269796945503567,0.000459725429858787,0.000231470041972404,5.6337742340915e-06,4
5,7,1.19261374336454e-05,0.0269797019710234,0.000341750171501618,0.000221779752526935,4.41242815859128e-06,4
5,8,1.19262987886411e-05,0.026979983397277,0.000257918852359817,0.000212061726349181,3.37224328915651e-06,4
5,9,1.19267211708852e-05,0.0269803754162921,0.00019815330121358,0.00020357087492377,6.3953783486452e-06,3
5,10,1.19272933174821e-05,0.0269808315026305,0.000156887876122922,0.000198139275698755,3.74558512978373e-06,3
5,11,1.19279834584314e-05,0.0269812971486693,0.000126757959245929,0.000194036424085141,3.69004728835093e-06,3
5,12,1.19287292640311e-05,0.0269817736996095,0.000103809408285477,0.000190848456491681,7.16039287833865e-06,2
5,13,1.19295126331448e-05,0.026982264017988,8.75638767778283e-05,0.000189106063906332,5.11998365661426e-06,2
5,14,1.1930315608319e-05,0.026982737080745,7.60128891475484e-05,0.000187489110566895,4.02610259945875e-06,2
5,15,1.19311268506297e-05,0.0269832086711554,6.65039632259172e-05,0.000186127608558105,2.99032568381333e-06,2
5,16,1.19319362398069e-05,0.0269836883366964,5.85604945785462e-05,0.000184790677945136,2.63057411238191e-06,2
5,17,1.19327467466701e-05,0.0269841757090173,5.28439084271738e-05,0.000183480996334836,2.07031083365976e-06,2
5,18,1.19335596804308e-05,0.0269846696629694,4.7704459714059e-05,0.000181893441732515,6.86648336647408e-06,1
5,19,1.19343755478594e-05,0.0269851688108102,4.48533339509348e-05,0.00018096947794891,2.45709238615927e-06,2
5,20,1.19351882015757e-05,0.0269856773279289,4.04705095450706e-05,0.000179788144358227,2.47227534678722e-06,2
5,21,1.19359829514621e-05,0.0269861989757632,3.65756902506002e-05,0.000178518247444889,7.41620328038678e-06,1
5,22,1.19368011294989e-05,0.0269867079236131,3.43791231602814e-05,0.000177726286053872,3.1095711712268e-06,2
5,23,1.19376154931465e-05,0.0269872190899185,3.1678356751886e-05,0.000176731925248203,2.53690814527341e-06,2
5,24,1.19384268163882e-05,0.0269877257598955,2.94149748370539e-05,0.000175766660741715,1.90318249972178e-06,2
5,25,1.19392454722788e-05,0.0269882252240801,2.79521527828262e-05,0.000174556770456163,5.37182880768079e-06,1
5,26,1.19400489406444e-05,0.0269887196111171,2.84428590893586e-05,0.000173559651923948,3.35838415817715e-06,2
5,27,1.19408515149496e-05,0.0269892093969873,2.61078424389351e-05,0.000172679722029532,3.23132290300196e-06,2
5,28,1.19416488472347e-05,0.0269896955654902,2.41908739468713e-05,0.000171876555487574,2.15552502211871e-06,2
5,29,1.19424346361357e-05,0.0269901827630163,2.29982920293562e-05,0.000170792828439773,6.09293271735634e-06,1
5,30,1.19432283923548e-05,0.0269906620879212,2.33740720571144e-05,0.000170069641039662,4.45713075597741e-06,2
5,31,1.19440191322281e-05,0.0269911436761422,2.07732612279462e-05,0.000169295885369597,4.70213026293578e-06,2
5,32,1.19448125560397e-05,0.0269916221772015,2.09892805324205e-05,0.000168560430672787,3.23693621999103e-06,2
5,33,1.19455981450958e-05,0.0269921005879129,1.95727136629847e-05,0.000167803091996143,3.51873353304247e-06,2
5,34,1.19463869336097e-05,0.0269925739145776,1.9584498678921e-05,0.000167050004651612,2.4597785202355e-06,2
5,35,1.19471883049305e-05,0.0269930438922271,1.98426898867514e-05,0.000165864900406717,7.12768576470513e-06,1
5,36,1.19479728515066e-05,0.0269935159974765,2.16188105842853e-05,0.000165128563668539,5.62429759442283e-06,2
5,37,1.19487559771611e-05,0.0269939915031733,1.96616354176435e-05,0.000164394952959457,5.9161752198843e-06,2
5,38,1.19495258540169e-05,0.0269944690446839,2.09028175341472e-05,0.000163757186267062,4.43526287628102e-06,2
5,39,1.19503023667693e-05,0.0269949477774978,1.98154793865961e-05,0.000163083923294434,4.80845655075015e-06,2
5,40,1.19510678819957e-05,0.0269954289198539,1.96476951828777e-05,0.00016247610925631,3.5700736973796e-06,2
5,41,1.19518400535884e-05,0.0269959108131939,1.91410066481279e-05,0.000161802164600909,3.825613529841e-06,2
5,42,1.19526020985904e-05,0.0269963957309889,1.93736511709369e-05,0.000161101139928736,2.91130229454142e-06,2
5,43,1.19533689707431e-05,0.0269968812897312,1.93427675272364e-05,0.000160424559525498,3.04758051242033e-06,2
5,44,1.19541281458775e-05,0.0269973694308056,1.93222427238573e-05,0.000159696942910869,2.44739362121193e-06,2
5,45,1.19548700004305e-05,0.0269978603946843,2.22164084104662e-05,0.000158485438282166,6.6373995429968e-06,1
5,46,1.19556303468758e-05,0.026998347579198,2.1680160337435e-05,0.000157770713563243,5.26607398896177e-06,2
5,47,1.19563879559825e-05,0.026998837857183,1.63272460214707e-05,0.0001571668364775,5.4957597274429e-06,2
5,48,1.1957152624364e-05,0.0269993287303972,1.68789893556313e-05,0.000156559974689933,4.14632837201905e-06,2
5,49,1.19579075656674e-05,0.0269998239491896,1.70150798739063e-05,0.000155832064523247,4.32740131787525e-06,2
5,50,1.1958667873583e-05,0.0270003199552039,1.66143312107865e-05,0.00015521000714312,3.33252935978591e-06,2
5,51,1.19594209909185e-05,0.0270008187441875,1.54804554338897e-05,0.000154650567524621,3.44622040868461e-06,2
5,52,1.19601779471683e-05,0.0270013185326984,1.58214346198559e-05,0.000154012657148761,2.81027911457043e-06,2
5,53,1.19609529677646e-05,0.0270018150323499,1.7455453663218e-05,0.000152923658148628,7.67017635280013e-06,1
5,54,1.19617036582827e-05,0.0270023171694363,1.88443300478016e-05,0.000152260219129489,6.25148957195767e-06,2
5,55,1.19624557221435e-05,0.0270028213344033,1.71433027129378e-05,0.000151742658591025,6.47234915531671e-06,2
5,56,1.19631949022535e-05,0.0270033277087071,1.75429828903874e-05,0.000151281883940712,5.15717274955388e-06,2
5,57,1.19639434010556e-05,0.0270038322070426,1.69375518195527e-05,0.000150760421449959,5.42598422899348e-06,2
5,58,1.19646810427301e-05,0.0270043390739444,1.65400765093049e-05,0.00015024039688422,4.44599627828519e-06,2
5,59,1.19654258736847e-05,0.0270048447105894,1.5462680757157e-05,0.000149726008058209,4.64775406871072e-06,2
5,60,1.19661610419774e-05,0.0270053532773013,1.50071288536018e-05,0.000149175275023416,3.93317047092564e-06,2
5,61,1.19669007641542e-05,0.0270058612736125,1.48000485682289e-05,0.000148654699846401,4.08062874789632e-06,2
5,62,1.19676328778774e-05,0.0270063720055356,1.43980981593388e-05,0.000148110309611505,3.57198594490832e-06,2
5,63,1.19683675834224e-05,0.0270068824072277,1.45689200241008e-05,0.000147565392248544,3.67825872630274e-06,2
5,64,1.19690960600142e-05,0.0270073951995709,1.416496342941e-05,0.000147028172195725,3.3044959033128e-06,2
5,65,1.19698261464885e-05,0.0270079075981604,1.33791148181983e-05,0.000146548891985323,3.38248466658615e-06,2
5,66,1.19705510684072e-05,0.0270084221199585,1.28528713188344e-05,0.000146027998265005,3.09798927351641e-06,2
5,67,1.19712773514429e-05,0.0270089363344481,1.23665543370918e-05,0.000145562097623491,3.15776161090215e-06,2
5,68,1.19719997169345e-05,0.0270094524763595,1.21007860315136e-05,0.000145029497312789,2.9395662419738e-06,2
5,69,1.19727234024592e-05,0.0270099685408131,1.20308068628039e-05,0.000144545722944335,2.98839040158861e-06,2
5,70,1.19734436427519e-05,0.0270104862790711,1.18666441206037e-05,0.00014404313477677,2.8119898342303e-06,2
5,71,1.19741646065968e-05,0.027011003862854,1.17731625872893e-05,0.000143582851861811,2.85345226140961e-06,2
5,72,1.1974882545293e-05,0.0270115228822243,1.14834176518216e-05,0.00014310264275917,2.69972943742196e-06,2
5,73,1.1975600726403e-05,0.0270120417159832,1.16653527940005e-05,0.000142642920501953,2.73615256645279e-06,2
5,74,1.19763157486674e-05,0.0270125617601151,1.12290277937476e-05,0.000142190862672516,2.59970065911174e-06,2
5,75,1.19770305998371e-05,0.0270130815443849,1.11925732165164e-05,0.000141753036977904,2.63224492383656e-06,2
5,76,1.19777423890224e-05,0.0270136024833323,1.13025156846828e-05,0.000141278707082219,2.50929803948312e-06,2
5,77,1.19784247721596e-05,0.0270141305590812,1.30731383500579e-05,0.000140422366372562,7.81127403182279e-06,1
5,78,1.19791357866511e-05,0.0270146456379047,1.4889827088089e-05,0.00014004612925236,5.42003766190341e-06,2
5,79,1.19798398350339e-05,0.0270151640011407,1.19651420998412e-05,0.000139732962092851,5.4648997550073e-06,2
5,80,1.19805559768547e-05,0.0270156798252706,1.21401102702957e-05,0.000139367572111594,3.91399184145485e-06,2
5,81,1.19812604729791e-05,0.027016200353523,1.1753731371716e-05,0.000138979143190187,3.97775187185903e-06,2
5,82,1.19819688388818e-05,0.0270167217205565,1.14007693264701e-05,0.000138549288229811,3.2624756020632e-06,2
5,83,1.19826704648642e-05,0.0270172447468655,1.14859145632754e-05,0.000138160043092772,3.24983125472385e-06,2
5,84,1.19833739056337e-05,0.027017768436932,1.12590242706197e-05,0.000137704745732569,2.93822228526297e-06,2
5,85,1.19840731092779e-05,0.0270182925044464,1.18097066951283e-05,0.000137291749935093,2.86182692263437e-06,2
5,86,1.19847720446136e-05,0.0270188171845156,1.15754039581379e-05,0.000136833614313371,2.74515576511296e-06,2
5,87,1.19854936855257e-05,0.0270193325815818,1.41333855649447e-05,0.000135879965522244,7.88156592458e-06,1
5,88,1.19861834668777e-05,0.0270198590158548,1.53375654737584e-05,0.000135438352804702,5.71145546650046e-06,2
5,89,1.19868771355845e-05,0.0270203850182298,1.32138435863851e-05,0.000135153561542374,5.84271522173975e-06,2
5,90,1.1987557310985e-05,0.0270209142534344,1.31450207531698e-05,0.000134842944224968,4.42753690045812e-06,2
5,91,1.19882466910252e-05,0.027021438539804,1.26284364313326e-05,0.000134514494337487,4.56159406135777e-06,2
5,92,1.19889284354318e-05,0.027021964992984,1.21453337668502e-05,0.000134067285223084,3.91149600615781e-06,2
5,93,1.19896150533071e-05,0.0270224883299112,1.29444353706284e-05,0.000133637941915839,3.96705167575497e-06,2
5,94,1.19902961739e-05,0.0270230133295293,1.20393668275436e-05,0.00013320103134508,3.67072678525955e-06,2
5,95,1.19909785335389e-05,0.0270235366987341,1.19860221599876e-05,0.000132825668931291,3.66147399995805e-06,2
5,96,1.1991656755509e-05,0.0270240614868935,1.14478267629279e-05,0.000132401198538729,3.52142231721889e-06,2
5,97,1.19923347395157e-05,0.027024585540438,1.18319919243827e-05,0.000132014523857126,3.47782919490295e-06,2
5,98,1.19930100119716e-05,0.0270251106710942,1.151959876011e-05,0.000131589352493861,3.40778080327052e-06,2
5,99,1.19936842524379e-05,0.027025635385501,1.15458191282702e-05,0.000131215205948102,3.35322761254293e-06,2
5,100,1.19943564776355e-05,0.0270261608905741,1.1203757003373e-05,0.000130812640440468,3.30454079991556e-06,2
