configuration,Nxy,Nz,dx_um,padding,window_um,illumination_NA,theta_deg,phi_deg,continuous_born_scalar,continuous_rytov_scalar,continuous_born_co,continuous_rytov_co,continuous_born_full,continuous_rytov_full,scalar_co,scalar_full,polarization_leakage,voxel_born_scalar,voxel_rytov_scalar,voxel_born_co,voxel_rytov_co,voxel_born_full,voxel_rytov_full,voxel_born_continuous_gap,voxel_rytov_continuous_gap,scalar_norm2,co_norm2,vector_norm2,max_abs_rytov_phase,voxel_volume_error,voxel_seconds
sampling_0p05,1024,0,0.05,0,51.2,0,0,0,0.890470992014723,0.0989017410114874,0.890840186467239,0.0986889940595074,0.890946100584147,0.103174217898125,0.00726469786462999,0.0310971731402484,0.0302375031301249,NaN,NaN,NaN,NaN,NaN,NaN,NaN,NaN,5378.22776656432,5369.5979531137,5374.51190479606,2.39509676628818,NaN,NaN
sampling_0p05,1024,0,0.05,0,51.2,0.05,2.14579781294776,0,0.890840029374832,0.0990369073995461,0.89123245619532,0.0988322944823665,0.891338146042694,0.103318683864296,0.00729775440868425,0.0311300906016427,0.0302634118758084,NaN,NaN,NaN,NaN,NaN,NaN,NaN,NaN,5383.48932181992,5374.73088068608,5379.65797007895,2.38054648340508,NaN,NaN
sampling_0p05,1024,0,0.05,0,51.2,0.1,4.294612721817,0,0.892141255984016,0.0994049526795392,0.892516400414905,0.0992081790793284,0.89262094252385,0.103685486701176,0.00732061841364173,0.0311607027910638,0.0302893894259943,NaN,NaN,NaN,NaN,NaN,NaN,NaN,NaN,5398.43750914897,5389.72190361954,5394.67122915784,2.34891809399324,NaN,NaN
sampling_0p05,1024,0,0.05,0,51.2,0.15,6.44950021830543,0,0.89425386320725,0.100002401021133,0.894638700966459,0.0998143409509104,0.894741306671939,0.104275992041972,0.00731746012493209,0.0311967809775323,0.0303272677393283,NaN,NaN,NaN,NaN,NaN,NaN,NaN,NaN,5423.7857696766,5414.97467810256,5419.95964896346,2.30347262603119,NaN,NaN
sampling_0p05,1024,0,0.05,0,51.2,0.2,8.61359395458848,0,0.897280970780397,0.100834021876851,0.897661394401611,0.100656820430427,0.897761208275685,0.105096282639327,0.00729425586825553,0.0312400326612357,0.0303773364488814,NaN,NaN,NaN,NaN,NaN,NaN,NaN,NaN,5459.45491489857,5450.59758733996,5455.63194940972,2.23214879809032,NaN,NaN
sampling_0p05,1024,0,0.05,0,51.2,0.25,10.7901483426374,0,0.901208153641913,0.101910852253319,0.901587472442665,0.101746113110342,0.901683631049914,0.106156763431166,0.0072552453558606,0.0312916745922763,0.0304397616190959,NaN,NaN,NaN,NaN,NaN,NaN,NaN,NaN,5506.18298287884,5497.25256378608,5502.35092708678,2.2561411610179,NaN,NaN
sampling_0p05,1024,0,0.05,0,51.2,0.3,12.9825856588502,0,0.906079551190286,0.103267383076387,0.906457055611548,0.103114370530808,0.906548641417656,0.107488410866172,0.00720320301628202,0.0313515982415952,0.0305136836354389,NaN,NaN,NaN,NaN,NaN,NaN,NaN,NaN,5564.48854855433,5555.4441806001,5560.62159133728,2.32045854292876,NaN,NaN
sampling_0p05,1024,0,0.05,0,51.2,0.35,15.1945496629494,0,0.911939303508034,0.104951761003228,0.912316362855052,0.104807370125767,0.912402395318099,0.109135353035915,0.00714146959109384,0.0314193782054038,0.0305977856534251,NaN,NaN,NaN,NaN,NaN,NaN,NaN,NaN,5635.12381191994,5625.95585959451,5631.22795309547,2.31599885538996,NaN,NaN
sampling_0p05,1024,0,0.05,0,51.2,0.4,17.4299682548373,0,0.918850474494931,0.106959203612112,0.919224007737602,0.106827259129428,0.919303426364422,0.111099823560523,0.00707447552515086,0.0314937626899373,0.0306896728984919,NaN,NaN,NaN,NaN,NaN,NaN,NaN,NaN,5719.05040482707,5709.7563807285,5715.13921902208,2.36156201299172,NaN,NaN
sampling_0p05,1024,0,0.05,0,51.2,0.45,19.6931284542689,0,0.926878170594135,0.109305009925732,0.927248156168637,0.109196784770302,0.927319829083366,0.113404809550684,0.00700760920772664,0.0315765285486175,0.0307898866879781,NaN,NaN,NaN,NaN,NaN,NaN,NaN,NaN,5817.54297913256,5808.08289890346,5813.59428582828,2.3756440538161,NaN,NaN
sampling_0p05,1024,0,0.05,0,51.2,0.5,21.9887681072876,0,0.936108542604428,0.111986613337762,0.936475296256799,0.111916916763821,0.936537968898735,0.116050413211174,0.00693824177356391,0.0316598772420457,0.0308910110731797,NaN,NaN,NaN,NaN,NaN,NaN,NaN,NaN,5932.06558787702,5922.41793559095,5928.07482805799,2.42349345173257,NaN,NaN
sampling_0p05,1024,0,0.05,0,51.2,0.05,2.14579781294776,45,0.890839908231632,0.099036163580122,0.891227646961073,0.0988339635081782,0.89133331745166,0.103319268552643,0.00733258427130955,0.0311348809128044,0.0302599281168053,NaN,NaN,NaN,NaN,NaN,NaN,NaN,NaN,5383.49091883099,5374.75311238236,5379.679086817,2.38008832673242,NaN,NaN
sampling_0p05,1024,0,0.05,0,51.2,0.1,4.294612721817,45,0.892141263004283,0.0994041854808868,0.892519717576789,0.099204986679526,0.892624131519611,0.103677207425294,0.00731788848118878,0.031142491510768,0.0302713124543836,NaN,NaN,NaN,NaN,NaN,NaN,NaN,NaN,5398.43753167752,5389.71824980541,5394.66166073729,2.35069697513249,NaN,NaN
sampling_0p05,1024,0,0.05,0,51.2,0.15,6.44950021830543,45,0.894253929850411,0.10000360367088,0.894637495316452,0.0998096832217332,0.894739821213441,0.104259576155018,0.00729095999684286,0.0311501693855464,0.0302857014602666,NaN,NaN,NaN,NaN,NaN,NaN,NaN,NaN,5423.78499773359,5414.99880563037,5419.97013075774,2.3015977936774,NaN,NaN
sampling_0p05,1024,0,0.05,0,51.2,0.2,8.61359395458848,45,0.897281131924279,0.10083575049392,0.897662178321025,0.100648332203398,0.89776150291344,0.105066888258767,0.00724834589126847,0.0311569675141526,0.0303029099406615,NaN,NaN,NaN,NaN,NaN,NaN,NaN,NaN,5459.45310890726,5450.62932346803,5455.63905323312,2.22855777332993,NaN,NaN
sampling_0p05,1024,0,0.05,0,51.2,0.25,10.7901483426374,45,0.901208321493437,0.10190923821059,0.901588500732234,0.101731430455357,0.901683921743015,0.106109610304788,0.00719677628619214,0.0311645214405679,0.0303229522136179,NaN,NaN,NaN,NaN,NaN,NaN,NaN,NaN,5506.18066996353,5497.29573690366,5502.35505019881,2.24922982115769,NaN,NaN
sampling_0p05,1024,0,0.05,0,51.2,0.3,12.9825856588502,45,0.906079502471147,0.103267745236337,0.906458585080432,0.10309795679122,0.90654916793991,0.107425808210603,0.00713292876022733,0.0311726780416637,0.0303464007415357,NaN,NaN,NaN,NaN,NaN,NaN,NaN,NaN,5564.48900664086,5555.51729691563,5560.63811100572,2.31406396245996,NaN,NaN
sampling_0p05,1024,0,0.05,0,51.2,0.35,15.1945496629494,45,0.911939330084397,0.104951687949251,0.912317635909365,0.104789864031989,0.912402387981045,0.109055454955009,0.00705326274436509,0.0311770272865599,0.0303694649007904,NaN,NaN,NaN,NaN,NaN,NaN,NaN,NaN,5635.12290653271,5626.05596264731,5631.24968900374,2.30750001340742,NaN,NaN
sampling_0p05,1024,0,0.05,0,51.2,0.4,17.4299682548373,45,0.918850343446733,0.10695899722104,0.919226410094972,0.106803877316142,0.919304307025559,0.110997151054116,0.00696908215999607,0.0311827011036841,0.0303946970870259,NaN,NaN,NaN,NaN,NaN,NaN,NaN,NaN,5719.051632481,5709.88066597634,5715.16054624196,2.3472608096015,NaN,NaN
sampling_0p05,1024,0,0.05,0,51.2,0.45,19.6931284542689,45,0.926878369916628,0.109302248921105,0.927251906684729,0.109163007820278,0.927321851561556,0.113272883416421,0.00687481787291365,0.0311837865903334,0.0304172509211088,NaN,NaN,NaN,NaN,NaN,NaN,NaN,NaN,5817.53996933755,5808.24067524614,5813.61948921311,2.37399775573011,NaN,NaN
sampling_0p05,1024,0,0.05,0,51.2,0.5,21.9887681072876,45,0.936108181403104,0.111979254301731,0.93647914293296,0.11186505996817,0.936539974938388,0.115881346390359,0.00676979262151927,0.0311780979506241,0.0304349495064475,NaN,NaN,NaN,NaN,NaN,NaN,NaN,NaN,5932.06913126117,5922.62499487397,5928.11612674643,2.42855984753884,NaN,NaN
sampling_0p05,1024,0,0.05,0,51.2,0.05,2.14579781294776,90,0.890840029374833,0.0990369073995467,0.891222856585746,0.0988353192441941,0.89132855328088,0.103321446675895,0.00732936082131851,0.0311370796089173,0.0302629706971185,NaN,NaN,NaN,NaN,NaN,NaN,NaN,NaN,5383.48932181992,5374.77074812774,5379.69773028215,2.38054648340508,NaN,NaN
sampling_0p05,1024,0,0.05,0,51.2,0.1,4.294612721817,90,0.892141255984021,0.0994049526795395,0.892522971516598,0.0992030203853223,0.892627271421521,0.103670688876226,0.007305567465367,0.0311240007463027,0.0302552633693936,NaN,NaN,NaN,NaN,NaN,NaN,NaN,NaN,5398.43750914899,5389.71393647947,5394.65209830446,2.34891809399324,NaN,NaN
sampling_0p05,1024,0,0.05,0,51.2,0.15,6.44950021830543,90,0.894253863207253,0.100002401021133,0.894636211129059,0.0998028467041778,0.894738253899276,0.104240929350611,0.00727051242291627,0.0311044345775237,0.0302435753421501,NaN,NaN,NaN,NaN,NaN,NaN,NaN,NaN,5423.78576967658,5415.02435534678,5419.98187102885,2.30347262603119,NaN,NaN
sampling_0p05,1024,0,0.05,0,51.2,0.2,8.61359395458848,90,0.897280970780385,0.100834021876851,0.897662742441489,0.100637117568684,0.897761569208031,0.105034494013596,0.00721869371009839,0.0310762113487979,0.0302269578982798,NaN,NaN,NaN,NaN,NaN,NaN,NaN,NaN,5459.45491489858,5450.66431545809,5455.64897271086,2.23214879809032,NaN,NaN
sampling_0p05,1024,0,0.05,0,51.2,0.25,10.7901483426374,90,0.901208153641911,0.10191085225332,0.90158939956235,0.101719335326046,0.90168408060157,0.106064803886631,0.0071526146704034,0.0310398564239418,0.0302052887159126,NaN,NaN,NaN,NaN,NaN,NaN,NaN,NaN,5506.18298287883,5497.34284193059,5502.36297487834,2.2561411610179,NaN,NaN
sampling_0p05,1024,0,0.05,0,51.2,0.3,12.9825856588502,90,0.906079551190286,0.103267383076388,0.906460206411986,0.103081443930878,0.906549774455259,0.107362522892161,0.00706641164689415,0.0309918023723442,0.0301762010686711,NaN,NaN,NaN,NaN,NaN,NaN,NaN,NaN,5564.48854855433,5555.5904716831,5560.65402053304,2.32045854292875,NaN,NaN
sampling_0p05,1024,0,0.05,0,51.2,0.35,15.1945496629494,90,0.911939303508043,0.104951761003229,0.912318940783146,0.104771211635952,0.912402414829601,0.108974516135185,0.0069655756027918,0.0309335605791142,0.0301398407757836,NaN,NaN,NaN,NaN,NaN,NaN,NaN,NaN,5635.12381191992,5626.15761833929,5631.27312316831,2.31599885538996,NaN,NaN
sampling_0p05,1024,0,0.05,0,51.2,0.4,17.4299682548373,90,0.918850474494927,0.106959203612112,0.919228993425984,0.106781123495054,0.919305367018229,0.110894909532951,0.00685728371347968,0.0308671427479488,0.0300965239581929,NaN,NaN,NaN,NaN,NaN,NaN,NaN,NaN,5719.05040482707,5710.00307291241,5715.17988716556,2.36156201299172,NaN,NaN
sampling_0p05,1024,0,0.05,0,51.2,0.45,19.6931284542689,90,0.926878170594132,0.109305009925731,0.927255304324952,0.109133389730047,0.927323539935773,0.113145873755058,0.00672879519734407,0.0307876333959416,0.0300440102845394,NaN,NaN,NaN,NaN,NaN,NaN,NaN,NaN,5817.54297913256,5808.40264130555,5813.65028945076,2.3756440538161,NaN,NaN
sampling_0p05,1024,0,0.05,0,51.2,0.5,21.9887681072876,90,0.936108542604422,0.11198661333776,0.936483552985704,0.1118262809712,0.936542546974978,0.115724869520676,0.00657557116159735,0.0306848778684549,0.0299726948607911,NaN,NaN,NaN,NaN,NaN,NaN,NaN,NaN,5932.06558787702,5922.82607697915,5928.15170579379,2.42349345173257,NaN,NaN
sampling_0p05,1024,0,0.05,0,51.2,0.05,2.14579781294776,135,0.890839908231632,0.0990361636038048,0.891227646961073,0.0988339635196216,0.891333317451661,0.103319268563579,0.00733258427130952,0.0311348809128045,0.0302599281168053,NaN,NaN,NaN,NaN,NaN,NaN,NaN,NaN,5383.49091883099,5374.75311238236,5379.679086817,2.38008832673242,NaN,NaN
sampling_0p05,1024,0,0.05,0,51.2,0.1,4.294612721817,135,0.892141263004282,0.0994041855213576,0.89251971757679,0.0992049867650018,0.892624131519611,0.103677207507008,0.00731788848118876,0.031142491510768,0.0302713124543835,NaN,NaN,NaN,NaN,NaN,NaN,NaN,NaN,5398.43753167752,5389.71824980541,5394.6616607373,2.35069697513249,NaN,NaN
sampling_0p05,1024,0,0.05,0,51.2,0.15,6.44950021830543,135,0.894253929850411,0.100003603468319,0.894637495316453,0.0998096830867112,0.89473982121344,0.104259576025876,0.00729095999684286,0.0311501693855464,0.0302857014602665,NaN,NaN,NaN,NaN,NaN,NaN,NaN,NaN,5423.78499773359,5414.99880563037,5419.97013075774,2.3015977936774,NaN,NaN
sampling_0p05,1024,0,0.05,0,51.2,0.2,8.61359395458848,135,0.897281131924278,0.100835750584281,0.897662178321025,0.100648332299235,0.897761502913441,0.10506688835049,0.00724834589126848,0.0311569675141527,0.0303029099406615,NaN,NaN,NaN,NaN,NaN,NaN,NaN,NaN,5459.45310890726,5450.62932346803,5455.63905323311,2.22855777332993,NaN,NaN
sampling_0p05,1024,0,0.05,0,51.2,0.25,10.7901483426374,135,0.901208321493437,0.101909238214699,0.901588500732233,0.101731430458086,0.901683921743015,0.106109610307401,0.00719677628619214,0.0311645214405678,0.0303229522136178,NaN,NaN,NaN,NaN,NaN,NaN,NaN,NaN,5506.18066996353,5497.29573690366,5502.35505019881,2.24922982115769,NaN,NaN
sampling_0p05,1024,0,0.05,0,51.2,0.3,12.9825856588502,135,0.906079502471148,0.10326774492165,0.906458585080433,0.103097956471834,0.90654916793991,0.107425807904366,0.00713292876022736,0.0311726780416636,0.0303464007415357,NaN,NaN,NaN,NaN,NaN,NaN,NaN,NaN,5564.48900664086,5555.51729691563,5560.63811100572,2.31406396245996,NaN,NaN
sampling_0p05,1024,0,0.05,0,51.2,0.35,15.1945496629494,135,0.911939330084395,0.10495168786838,0.912317635909365,0.104789863986048,0.912402387981045,0.109055454910905,0.00705326274436508,0.0311770272865599,0.0303694649007905,NaN,NaN,NaN,NaN,NaN,NaN,NaN,NaN,5635.12290653271,5626.05596264731,5631.24968900374,2.30750001340742,NaN,NaN
sampling_0p05,1024,0,0.05,0,51.2,0.4,17.4299682548373,135,0.918850343446732,0.106958997210495,0.919226410094971,0.106803877279269,0.919304307025559,0.110997151018667,0.00696908215999609,0.0311827011036841,0.030394697087026,NaN,NaN,NaN,NaN,NaN,NaN,NaN,NaN,5719.05163248101,5709.88066597635,5715.16054624196,2.3472608096015,NaN,NaN
sampling_0p05,1024,0,0.05,0,51.2,0.45,19.6931284542689,135,0.926878369916629,0.109302249167795,0.927251906684729,0.109163007877456,0.927321851561555,0.113272883471474,0.00687481787291368,0.0311837865903334,0.0304172509211089,NaN,NaN,NaN,NaN,NaN,NaN,NaN,NaN,5817.53996933755,5808.24067524614,5813.61948921311,2.37399775573011,NaN,NaN
sampling_0p05,1024,0,0.05,0,51.2,0.5,21.9887681072876,135,0.936108181403105,0.111979254264049,0.936479142932961,0.111865059935286,0.93653997493839,0.115881346358644,0.00676979262151926,0.0311780979506241,0.0304349495064475,NaN,NaN,NaN,NaN,NaN,NaN,NaN,NaN,5932.06913126117,5922.62499487397,5928.11612674643,2.42855984753884,NaN,NaN
sampling_0p05,1024,0,0.05,0,51.2,0.05,2.14579781294776,180,0.890840029374833,0.0990369074892048,0.89123245619532,0.0988322946323026,0.891338146042694,0.103318684007591,0.00729775440868423,0.0311300906016427,0.0302634118758084,NaN,NaN,NaN,NaN,NaN,NaN,NaN,NaN,5383.48932181992,5374.73088068608,5379.65797007895,2.38054648340508,NaN,NaN
sampling_0p05,1024,0,0.05,0,51.2,0.1,4.294612721817,180,0.892141255984016,0.0994049525527277,0.892516400414904,0.0992081789874624,0.892620942523851,0.103685486613357,0.00732061841364173,0.0311607027910638,0.0302893894259943,NaN,NaN,NaN,NaN,NaN,NaN,NaN,NaN,5398.43750914897,5389.72190361954,5394.67122915784,2.34891809399324,NaN,NaN
sampling_0p05,1024,0,0.05,0,51.2,0.15,6.44950021830543,180,0.89425386320725,0.100002401560884,0.89463870096646,0.0998143415444284,0.89474130667194,0.104275992609575,0.00731746012493209,0.0311967809775323,0.0303272677393284,NaN,NaN,NaN,NaN,NaN,NaN,NaN,NaN,5423.7857696766,5414.97467810256,5419.95964896346,2.30347262603119,NaN,NaN
sampling_0p05,1024,0,0.05,0,51.2,0.2,8.61359395458848,180,0.897280970780395,0.100834021888547,0.897661394401611,0.10065682021738,0.897761208275685,0.105096282435468,0.00729425586825551,0.0312400326612357,0.0303773364488813,NaN,NaN,NaN,NaN,NaN,NaN,NaN,NaN,5459.45491489857,5450.59758733996,5455.63194940972,2.23214879809032,NaN,NaN
sampling_0p05,1024,0,0.05,0,51.2,0.25,10.7901483426374,180,0.901208153641913,0.1019108522067,0.901587472442665,0.101746113038751,0.901683631049913,0.10615676336261,0.0072552453558606,0.0312916745922763,0.0304397616190959,NaN,NaN,NaN,NaN,NaN,NaN,NaN,NaN,5506.18298287884,5497.25256378608,5502.35092708678,2.2561411610179,NaN,NaN
sampling_0p05,1024,0,0.05,0,51.2,0.3,12.9825856588502,180,0.906079551190286,0.103267383001791,0.906457055611549,0.103114370500693,0.906548641417656,0.10748841083731,0.00720320301628203,0.0313515982415953,0.0305136836354389,NaN,NaN,NaN,NaN,NaN,NaN,NaN,NaN,5564.48854855433,5555.44418060011,5560.62159133728,2.32045854292876,NaN,NaN
sampling_0p05,1024,0,0.05,0,51.2,0.35,15.1945496629494,180,0.911939303508034,0.104951760619972,0.912316362855051,0.10480736971159,0.912402395318099,0.109135352638535,0.00714146959109381,0.0314193782054039,0.0305977856534251,NaN,NaN,NaN,NaN,NaN,NaN,NaN,NaN,5635.12381191993,5625.95585959451,5631.22795309547,2.31599885538996,NaN,NaN
sampling_0p05,1024,0,0.05,0,51.2,0.4,17.4299682548373,180,0.91885047449493,0.106959203068974,0.919224007737604,0.106827258516187,0.919303426364422,0.111099822971419,0.00707447552515086,0.0314937626899373,0.0306896728984919,NaN,NaN,NaN,NaN,NaN,NaN,NaN,NaN,5719.05040482707,5709.7563807285,5715.13921902208,2.36156201299172,NaN,NaN
sampling_0p05,1024,0,0.05,0,51.2,0.45,19.6931284542689,180,0.926878170594136,0.109305009761008,0.927248156168638,0.109196784673495,0.927319829083366,0.113404809457557,0.00700760920772665,0.0315765285486174,0.0307898866879782,NaN,NaN,NaN,NaN,NaN,NaN,NaN,NaN,5817.54297913256,5808.08289890345,5813.59428582828,2.3756440538161,NaN,NaN
sampling_0p05,1024,0,0.05,0,51.2,0.5,21.9887681072876,180,0.936108542604429,0.111986613094399,0.936475296256798,0.111916916542291,0.936537968898737,0.116050412997738,0.00693824177356391,0.0316598772420458,0.0308910110731797,NaN,NaN,NaN,NaN,NaN,NaN,NaN,NaN,5932.06558787702,5922.41793559095,5928.07482805798,2.42349345173257,NaN,NaN
sampling_0p05,1024,0,0.05,0,51.2,0.05,2.14579781294776,225,0.890839908231638,0.0990361636274674,0.891227646961068,0.0988339635492003,0.891333317451656,0.103319268591848,0.00733258427130955,0.0311348809128044,0.0302599281168055,NaN,NaN,NaN,NaN,NaN,NaN,NaN,NaN,5383.49091883099,5374.75311238236,5379.67908681698,2.38008832673242,NaN,NaN
sampling_0p05,1024,0,0.05,0,51.2,0.1,4.294612721817,225,0.892141263004272,0.0994041855632907,0.892519717576775,0.0992049867742021,0.892624131519593,0.103677207515803,0.00731788848118868,0.0311424915107675,0.0302713124543831,NaN,NaN,NaN,NaN,NaN,NaN,NaN,NaN,5398.43753167753,5389.7182498054,5394.6616607373,2.35069697513249,NaN,NaN
sampling_0p05,1024,0,0.05,0,51.2,0.15,6.44950021830543,225,0.894253929850403,0.100003603265585,0.894637495316451,0.0998096829260387,0.894739821213448,0.104259575872202,0.00729095999684285,0.0311501693855462,0.0302857014602664,NaN,NaN,NaN,NaN,NaN,NaN,NaN,NaN,5423.78499773359,5414.99880563037,5419.97013075775,2.3015977936774,NaN,NaN
sampling_0p05,1024,0,0.05,0,51.2,0.2,8.61359395458848,225,0.897281131924283,0.100835750673559,0.897662178321024,0.100648332373505,0.897761502913446,0.105066888421573,0.00724834589126847,0.0311569675141528,0.0303029099406618,NaN,NaN,NaN,NaN,NaN,NaN,NaN,NaN,5459.45310890727,5450.62932346803,5455.63905323311,2.22855777332993,NaN,NaN
sampling_0p05,1024,0,0.05,0,51.2,0.25,10.7901483426374,225,0.901208321493438,0.101909238218803,0.901588500732223,0.101731430463765,0.901683921743004,0.106109610312843,0.00719677628619211,0.0311645214405679,0.0303229522136179,NaN,NaN,NaN,NaN,NaN,NaN,NaN,NaN,5506.18066996354,5497.29573690367,5502.35505019884,2.24922982115767,NaN,NaN
sampling_0p05,1024,0,0.05,0,51.2,0.3,12.9825856588502,225,0.906079502471148,0.103267744605144,0.906458585080438,0.103097956232214,0.9065491679399,0.107425807674609,0.00713292876022731,0.0311726780416635,0.0303464007415354,NaN,NaN,NaN,NaN,NaN,NaN,NaN,NaN,5564.48900664085,5555.51729691563,5560.63811100572,2.31406396245996,NaN,NaN
sampling_0p05,1024,0,0.05,0,51.2,0.35,15.1945496629494,225,0.9119393300844,0.104951687787785,0.912317635909364,0.104789863896252,0.912402387981031,0.1090554548247,0.00705326274436503,0.0311770272865595,0.0303694649007903,NaN,NaN,NaN,NaN,NaN,NaN,NaN,NaN,5635.1229065327,5626.05596264731,5631.24968900374,2.30750001340742,NaN,NaN
sampling_0p05,1024,0,0.05,0,51.2,0.4,17.4299682548373,225,0.918850343446748,0.106958997199704,0.919226410094984,0.106803877272098,0.919304307025551,0.110997151011775,0.0069690821599961,0.0311827011036839,0.0303946970870263,NaN,NaN,NaN,NaN,NaN,NaN,NaN,NaN,5719.051632481,5709.88066597635,5715.16054624196,2.3472608096015,NaN,NaN
sampling_0p05,1024,0,0.05,0,51.2,0.45,19.6931284542689,225,0.926878369916632,0.109302249415715,0.927251906684728,0.109163008129434,0.927321851561559,0.113272883714088,0.00687481787291366,0.0311837865903334,0.030417250921109,NaN,NaN,NaN,NaN,NaN,NaN,NaN,NaN,5817.53996933755,5808.24067524614,5813.61948921311,2.37399775573011,NaN,NaN
sampling_0p05,1024,0,0.05,0,51.2,0.5,21.9887681072876,225,0.936108181403101,0.111979254226426,0.936479142932958,0.111865059903044,0.93653997493838,0.115881346327548,0.00676979262151926,0.031178097950624,0.0304349495064472,NaN,NaN,NaN,NaN,NaN,NaN,NaN,NaN,5932.06913126115,5922.62499487395,5928.11612674643,2.42855984753882,NaN,NaN
sampling_0p05,1024,0,0.05,0,51.2,0.05,2.14579781294776,270,0.890840029374835,0.0990369074892046,0.891222856585756,0.0988353193408184,0.89132855328089,0.103321446768238,0.00732936082131855,0.0311370796089171,0.0302629706971183,NaN,NaN,NaN,NaN,NaN,NaN,NaN,NaN,5383.48932181992,5374.77074812774,5379.69773028215,2.38054648340508,NaN,NaN
sampling_0p05,1024,0,0.05,0,51.2,0.1,4.294612721817,270,0.892141255984016,0.0994049525527275,0.892522971516607,0.0992030202364828,0.89262727142153,0.103670688733933,0.00730556746536703,0.0311240007463033,0.0302552633693943,NaN,NaN,NaN,NaN,NaN,NaN,NaN,NaN,5398.43750914895,5389.71393647945,5394.65209830445,2.34891809399324,NaN,NaN
sampling_0p05,1024,0,0.05,0,51.2,0.15,6.44950021830543,270,0.894253863207245,0.100002401560883,0.894636211129052,0.0998028472660791,0.89473825389927,0.104240929888096,0.00727051242291611,0.0311044345775234,0.0302435753421498,NaN,NaN,NaN,NaN,NaN,NaN,NaN,NaN,5423.78576967661,5415.02435534676,5419.98187102883,2.30347262603119,NaN,NaN
sampling_0p05,1024,0,0.05,0,51.2,0.2,8.61359395458848,270,0.897280970780408,0.100834021888548,0.897662742441487,0.100637117471663,0.89776156920803,0.105034493920721,0.00721869371009846,0.0310762113487983,0.0302269578982801,NaN,NaN,NaN,NaN,NaN,NaN,NaN,NaN,5459.45491489856,5450.66431545807,5455.64897271085,2.23214879809032,NaN,NaN
sampling_0p05,1024,0,0.05,0,51.2,0.25,10.7901483426374,270,0.901208153641914,0.1019108522067,0.901589399562345,0.101719335276622,0.901684080601564,0.106064803839273,0.00715261467040344,0.0310398564239419,0.0302052887159128,NaN,NaN,NaN,NaN,NaN,NaN,NaN,NaN,5506.18298287884,5497.34284193058,5502.36297487833,2.2561411610179,NaN,NaN
sampling_0p05,1024,0,0.05,0,51.2,0.3,12.9825856588502,270,0.906079551190287,0.103267383001791,0.906460206411982,0.103081443892522,0.906549774455255,0.107362522855367,0.00706641164689415,0.0309918023723441,0.030176201068671,NaN,NaN,NaN,NaN,NaN,NaN,NaN,NaN,5564.48854855434,5555.59047168311,5560.65402053304,2.32045854292875,NaN,NaN
sampling_0p05,1024,0,0.05,0,51.2,0.35,15.1945496629494,270,0.91193930350803,0.104951760619972,0.912318940783141,0.104771211336423,0.912402414829595,0.108974515847468,0.00696557560279169,0.0309335605791134,0.0301398407757826,NaN,NaN,NaN,NaN,NaN,NaN,NaN,NaN,5635.12381191993,5626.15761833931,5631.27312316833,2.31599885538996,NaN,NaN
sampling_0p05,1024,0,0.05,0,51.2,0.4,17.4299682548373,270,0.918850474494934,0.106959203068974,0.919228993425978,0.106781122992801,0.919305367018222,0.110894909049766,0.00685728371347958,0.0308671427479489,0.0300965239581929,NaN,NaN,NaN,NaN,NaN,NaN,NaN,NaN,5719.05040482707,5710.00307291243,5715.17988716558,2.36156201299172,NaN,NaN
sampling_0p05,1024,0,0.05,0,51.2,0.45,19.6931284542689,270,0.926878170594138,0.109305009761009,0.927255304324967,0.109133389615875,0.927323539935788,0.113145873645033,0.00672879519734419,0.0307876333959418,0.0300440102845396,NaN,NaN,NaN,NaN,NaN,NaN,NaN,NaN,5817.54297913256,5808.40264130553,5813.65028945074,2.3756440538161,NaN,NaN
sampling_0p05,1024,0,0.05,0,51.2,0.5,21.9887681072876,270,0.936108542604431,0.1119866130944,0.936483552985718,0.111826280737564,0.936542546974992,0.115724869295117,0.00657557116159744,0.0306848778684549,0.0299726948607911,NaN,NaN,NaN,NaN,NaN,NaN,NaN,NaN,5932.065587877,5922.82607697915,5928.15170579379,2.42349345173257,NaN,NaN
sampling_0p05,1024,0,0.05,0,51.2,0.05,2.14579781294776,315,0.89083990823164,0.0990361636038052,0.891227646961069,0.0988339635377268,0.891333317451656,0.103319268580882,0.00733258427130954,0.0311348809128044,0.0302599281168055,NaN,NaN,NaN,NaN,NaN,NaN,NaN,NaN,5383.49091883099,5374.75311238235,5379.67908681697,2.38008832673242,NaN,NaN
sampling_0p05,1024,0,0.05,0,51.2,0.1,4.294612721817,315,0.892141263004273,0.0994041855213571,0.892519717576777,0.0992049866866235,0.892624131519595,0.103677207432078,0.00731788848118865,0.0311424915107675,0.0302713124543832,NaN,NaN,NaN,NaN,NaN,NaN,NaN,NaN,5398.43753167753,5389.7182498054,5394.6616607373,2.35069697513249,NaN,NaN
sampling_0p05,1024,0,0.05,0,51.2,0.15,6.44950021830543,315,0.894253929850403,0.100003603468318,0.89463749531645,0.0998096830613058,0.894739821213447,0.104259576001577,0.00729095999684288,0.0311501693855461,0.0302857014602664,NaN,NaN,NaN,NaN,NaN,NaN,NaN,NaN,5423.7849977336,5414.99880563037,5419.97013075774,2.3015977936774,NaN,NaN
sampling_0p05,1024,0,0.05,0,51.2,0.2,8.61359395458848,315,0.897281131924284,0.10083575058428,0.897662178321024,0.100648332278499,0.897761502913448,0.105066888330646,0.00724834589126848,0.0311569675141528,0.0303029099406619,NaN,NaN,NaN,NaN,NaN,NaN,NaN,NaN,5459.45310890727,5450.62932346802,5455.63905323311,2.22855777332993,NaN,NaN
sampling_0p05,1024,0,0.05,0,51.2,0.25,10.7901483426374,315,0.901208321493444,0.101909238214699,0.901588500732229,0.10173143046104,0.901683921743012,0.106109610310231,0.00719677628619214,0.0311645214405679,0.0303229522136179,NaN,NaN,NaN,NaN,NaN,NaN,NaN,NaN,5506.18066996354,5497.29573690367,5502.35505019883,2.24922982115769,NaN,NaN
sampling_0p05,1024,0,0.05,0,51.2,0.3,12.9825856588502,315,0.906079502471149,0.103267744921649,0.906458585080438,0.103097956552919,0.906549167939901,0.10742580798211,0.00713292876022734,0.0311726780416635,0.0303464007415353,NaN,NaN,NaN,NaN,NaN,NaN,NaN,NaN,5564.48900664085,5555.51729691563,5560.63811100572,2.31406396245996,NaN,NaN
sampling_0p05,1024,0,0.05,0,51.2,0.35,15.1945496629494,315,0.911939330084401,0.10495168786838,0.912317635909365,0.104789863941929,0.912402387981032,0.10905545486855,0.00705326274436504,0.0311770272865595,0.0303694649007903,NaN,NaN,NaN,NaN,NaN,NaN,NaN,NaN,5635.1229065327,5626.0559626473,5631.24968900374,2.30750001340742,NaN,NaN
sampling_0p05,1024,0,0.05,0,51.2,0.4,17.4299682548373,315,0.918850343446749,0.106958997210495,0.919226410094984,0.106803877309219,0.91930430702555,0.110997151047461,0.0069690821599961,0.0311827011036838,0.0303946970870263,NaN,NaN,NaN,NaN,NaN,NaN,NaN,NaN,5719.051632481,5709.88066597635,5715.16054624196,2.3472608096015,NaN,NaN
sampling_0p05,1024,0,0.05,0,51.2,0.45,19.6931284542689,315,0.926878369916632,0.109302249167794,0.927251906684728,0.109163008071549,0.927321851561559,0.113272883658354,0.00687481787291367,0.0311837865903334,0.0304172509211091,NaN,NaN,NaN,NaN,NaN,NaN,NaN,NaN,5817.53996933755,5808.24067524614,5813.61948921311,2.37399775573011,NaN,NaN
sampling_0p05,1024,0,0.05,0,51.2,0.5,21.9887681072876,315,0.936108181403106,0.111979254264048,0.936479142932964,0.111865059935862,0.936539974938386,0.115881346359199,0.00676979262151926,0.0311780979506239,0.0304349495064472,NaN,NaN,NaN,NaN,NaN,NaN,NaN,NaN,5932.06913126116,5922.62499487396,5928.11612674643,2.42855984753884,NaN,NaN
